{"version":8,"type":"context-options","origin":"library","browserName":"firefox","playwrightVersion":"1.58.0","options":{"noDefaultViewport":false,"viewport":{"width":1280,"height":720},"ignoreHTTPSErrors":true,"javaScriptEnabled":true,"bypassCSP":false,"userAgent":"Mozilla/5.0 (Windows NT 10.0; Win64; x64; rv:146.0.1) Gecko/20100101 Firefox/146.0.1","locale":"en-US","extraHTTPHeaders":[{"name":"X-Test-Session","value":"playwright-e2e"}],"offline":false,"deviceScaleFactor":1,"isMobile":false,"hasTouch":false,"colorScheme":"light","acceptDownloads":"accept","baseURL":"http://localhost:9000","recordVideo":{"dir":"D:\\Nuxt Projects\\new-portfolio\\temp-artifacts\\.playwright-artifacts-58","size":{"width":800,"height":450}},"serviceWorkers":"allow","selectorEngines":[],"testIdAttributeName":"data-testid"},"platform":"win32","wallTime":1769457406305,"monotonicTime":254573.739,"sdkLanguage":"javascript","testIdAttributeName":"data-testid","contextId":"browser-context@b47cd8fd755f6e75fe16eb9df1e2f715","title":"projects.spec.ts:114 › Projects Page › should have filter functionality"}
{"type":"before","callId":"call@6","startTime":254782.65,"class":"BrowserContext","method":"newPage","params":{},"stepId":"pw:api@32"}
{"type":"event","time":258354.505,"class":"BrowserContext","method":"page","params":{"pageId":"page@828d61b95c5bf8102d793ce344a62adf"}}
{"type":"after","callId":"call@6","endTime":258354.672,"result":{"page":"<Page>"}}
{"type":"before","callId":"call@8","startTime":258366.669,"class":"Frame","method":"goto","params":{"url":"/projects","timeout":45000,"waitUntil":"load"},"stepId":"pw:api@33","pageId":"page@828d61b95c5bf8102d793ce344a62adf","beforeSnapshot":"before@call@8"}
{"type":"screencast-frame","pageId":"page@828d61b95c5bf8102d793ce344a62adf","sha1":"page@828d61b95c5bf8102d793ce344a62adf-1769457410299.jpeg","width":1280,"height":720,"timestamp":258567.92,"frameSwapWallTime":5938.8262}
{"type":"screencast-frame","pageId":"page@828d61b95c5bf8102d793ce344a62adf","sha1":"page@828d61b95c5bf8102d793ce344a62adf-1769457410611.jpeg","width":1280,"height":720,"timestamp":258880.501,"frameSwapWallTime":6288.3547}
{"type":"screencast-frame","pageId":"page@828d61b95c5bf8102d793ce344a62adf","sha1":"page@828d61b95c5bf8102d793ce344a62adf-1769457410925.jpeg","width":1280,"height":720,"timestamp":259194.383,"frameSwapWallTime":6586.95}
{"type":"screencast-frame","pageId":"page@828d61b95c5bf8102d793ce344a62adf","sha1":"page@828d61b95c5bf8102d793ce344a62adf-1769457411006.jpeg","width":1280,"height":720,"timestamp":259274.978,"frameSwapWallTime":6704.0966}
{"type":"screencast-frame","pageId":"page@828d61b95c5bf8102d793ce344a62adf","sha1":"page@828d61b95c5bf8102d793ce344a62adf-1769457411122.jpeg","width":1280,"height":720,"timestamp":259390.613,"frameSwapWallTime":6818.3688}
{"type":"screencast-frame","pageId":"page@828d61b95c5bf8102d793ce344a62adf","sha1":"page@828d61b95c5bf8102d793ce344a62adf-1769457411316.jpeg","width":1280,"height":720,"timestamp":259584.966,"frameSwapWallTime":6933.8184}
{"type":"screencast-frame","pageId":"page@828d61b95c5bf8102d793ce344a62adf","sha1":"page@828d61b95c5bf8102d793ce344a62adf-1769457411358.jpeg","width":1280,"height":720,"timestamp":259626.773,"frameSwapWallTime":7037.7854}
{"type":"screencast-frame","pageId":"page@828d61b95c5bf8102d793ce344a62adf","sha1":"page@828d61b95c5bf8102d793ce344a62adf-1769457411427.jpeg","width":1280,"height":720,"timestamp":259695.947,"frameSwapWallTime":7119.9152}
{"type":"screencast-frame","pageId":"page@828d61b95c5bf8102d793ce344a62adf","sha1":"page@828d61b95c5bf8102d793ce344a62adf-1769457411518.jpeg","width":1280,"height":720,"timestamp":259787.212,"frameSwapWallTime":7201.2759}
{"type":"screencast-frame","pageId":"page@828d61b95c5bf8102d793ce344a62adf","sha1":"page@828d61b95c5bf8102d793ce344a62adf-1769457411609.jpeg","width":1280,"height":720,"timestamp":259877.805,"frameSwapWallTime":7284.5891}
{"type":"screencast-frame","pageId":"page@828d61b95c5bf8102d793ce344a62adf","sha1":"page@828d61b95c5bf8102d793ce344a62adf-1769457411690.jpeg","width":1280,"height":720,"timestamp":259959.266,"frameSwapWallTime":7385.37}
{"type":"screencast-frame","pageId":"page@828d61b95c5bf8102d793ce344a62adf","sha1":"page@828d61b95c5bf8102d793ce344a62adf-1769457411922.jpeg","width":1280,"height":720,"timestamp":260190.712,"frameSwapWallTime":7618.8357}
{"type":"screencast-frame","pageId":"page@828d61b95c5bf8102d793ce344a62adf","sha1":"page@828d61b95c5bf8102d793ce344a62adf-1769457412152.jpeg","width":1280,"height":720,"timestamp":260421.065,"frameSwapWallTime":7837.096}
{"type":"screencast-frame","pageId":"page@828d61b95c5bf8102d793ce344a62adf","sha1":"page@828d61b95c5bf8102d793ce344a62adf-1769457412322.jpeg","width":1280,"height":720,"timestamp":260591.256,"frameSwapWallTime":8021.9685}
{"type":"screencast-frame","pageId":"page@828d61b95c5bf8102d793ce344a62adf","sha1":"page@828d61b95c5bf8102d793ce344a62adf-1769457412573.jpeg","width":1280,"height":720,"timestamp":260842.01,"frameSwapWallTime":8271.4465}
{"type":"screencast-frame","pageId":"page@828d61b95c5bf8102d793ce344a62adf","sha1":"page@828d61b95c5bf8102d793ce344a62adf-1769457412721.jpeg","width":1280,"height":720,"timestamp":260989.9,"frameSwapWallTime":8420.5405}
{"type":"screencast-frame","pageId":"page@828d61b95c5bf8102d793ce344a62adf","sha1":"page@828d61b95c5bf8102d793ce344a62adf-1769457412941.jpeg","width":1280,"height":720,"timestamp":261209.766,"frameSwapWallTime":8637.1767}
{"type":"screencast-frame","pageId":"page@828d61b95c5bf8102d793ce344a62adf","sha1":"page@828d61b95c5bf8102d793ce344a62adf-1769457413214.jpeg","width":1280,"height":720,"timestamp":261482.621,"frameSwapWallTime":8911.2345}
{"type":"screencast-frame","pageId":"page@828d61b95c5bf8102d793ce344a62adf","sha1":"page@828d61b95c5bf8102d793ce344a62adf-1769457413341.jpeg","width":1280,"height":720,"timestamp":261609.578,"frameSwapWallTime":9040.541599999999}
{"type":"screencast-frame","pageId":"page@828d61b95c5bf8102d793ce344a62adf","sha1":"page@828d61b95c5bf8102d793ce344a62adf-1769457413574.jpeg","width":1280,"height":720,"timestamp":261842.956,"frameSwapWallTime":9270.6912}
{"type":"screencast-frame","pageId":"page@828d61b95c5bf8102d793ce344a62adf","sha1":"page@828d61b95c5bf8102d793ce344a62adf-1769457413757.jpeg","width":1280,"height":720,"timestamp":262025.99,"frameSwapWallTime":9454.559700000002}
{"type":"screencast-frame","pageId":"page@828d61b95c5bf8102d793ce344a62adf","sha1":"page@828d61b95c5bf8102d793ce344a62adf-1769457413923.jpeg","width":1280,"height":720,"timestamp":262192.009,"frameSwapWallTime":9622.007399999999}
{"type":"screencast-frame","pageId":"page@828d61b95c5bf8102d793ce344a62adf","sha1":"page@828d61b95c5bf8102d793ce344a62adf-1769457414170.jpeg","width":1280,"height":720,"timestamp":262439.345,"frameSwapWallTime":9870.0134}
{"type":"screencast-frame","pageId":"page@828d61b95c5bf8102d793ce344a62adf","sha1":"page@828d61b95c5bf8102d793ce344a62adf-1769457414337.jpeg","width":1280,"height":720,"timestamp":262606.097,"frameSwapWallTime":10037.1493}
{"type":"screencast-frame","pageId":"page@828d61b95c5bf8102d793ce344a62adf","sha1":"page@828d61b95c5bf8102d793ce344a62adf-1769457414571.jpeg","width":1280,"height":720,"timestamp":262839.578,"frameSwapWallTime":10270.3849}
{"type":"screencast-frame","pageId":"page@828d61b95c5bf8102d793ce344a62adf","sha1":"page@828d61b95c5bf8102d793ce344a62adf-1769457414809.jpeg","width":1280,"height":720,"timestamp":263077.902,"frameSwapWallTime":10504.160600000001}
{"type":"screencast-frame","pageId":"page@828d61b95c5bf8102d793ce344a62adf","sha1":"page@828d61b95c5bf8102d793ce344a62adf-1769457415005.jpeg","width":1280,"height":720,"timestamp":263273.56,"frameSwapWallTime":10703.9066}
{"type":"screencast-frame","pageId":"page@828d61b95c5bf8102d793ce344a62adf","sha1":"page@828d61b95c5bf8102d793ce344a62adf-1769457415222.jpeg","width":1280,"height":720,"timestamp":263491.44,"frameSwapWallTime":10920.1528}
{"type":"screencast-frame","pageId":"page@828d61b95c5bf8102d793ce344a62adf","sha1":"page@828d61b95c5bf8102d793ce344a62adf-1769457415406.jpeg","width":1280,"height":720,"timestamp":263674.93,"frameSwapWallTime":11105.057999999999}
{"type":"screencast-frame","pageId":"page@828d61b95c5bf8102d793ce344a62adf","sha1":"page@828d61b95c5bf8102d793ce344a62adf-1769457415640.jpeg","width":1280,"height":720,"timestamp":263909.305,"frameSwapWallTime":11337.7552}
{"type":"screencast-frame","pageId":"page@828d61b95c5bf8102d793ce344a62adf","sha1":"page@828d61b95c5bf8102d793ce344a62adf-1769457415838.jpeg","width":1280,"height":720,"timestamp":264106.641,"frameSwapWallTime":11537.712000000001}
{"type":"screencast-frame","pageId":"page@828d61b95c5bf8102d793ce344a62adf","sha1":"page@828d61b95c5bf8102d793ce344a62adf-1769457416073.jpeg","width":1280,"height":720,"timestamp":264341.859,"frameSwapWallTime":11771.9551}
{"type":"screencast-frame","pageId":"page@828d61b95c5bf8102d793ce344a62adf","sha1":"page@828d61b95c5bf8102d793ce344a62adf-1769457416205.jpeg","width":1280,"height":720,"timestamp":264473.944,"frameSwapWallTime":11904.015899999999}
{"type":"screencast-frame","pageId":"page@828d61b95c5bf8102d793ce344a62adf","sha1":"page@828d61b95c5bf8102d793ce344a62adf-1769457416505.jpeg","width":1280,"height":720,"timestamp":264774.352,"frameSwapWallTime":12205.0909}
{"type":"screencast-frame","pageId":"page@828d61b95c5bf8102d793ce344a62adf","sha1":"page@828d61b95c5bf8102d793ce344a62adf-1769457416659.jpeg","width":1280,"height":720,"timestamp":264928.246,"frameSwapWallTime":12352.645}
{"type":"screencast-frame","pageId":"page@828d61b95c5bf8102d793ce344a62adf","sha1":"page@828d61b95c5bf8102d793ce344a62adf-1769457416821.jpeg","width":1280,"height":720,"timestamp":265090.099,"frameSwapWallTime":12519.0067}
{"type":"screencast-frame","pageId":"page@828d61b95c5bf8102d793ce344a62adf","sha1":"page@828d61b95c5bf8102d793ce344a62adf-1769457417122.jpeg","width":1280,"height":720,"timestamp":265391.418,"frameSwapWallTime":12821.0799}
{"type":"screencast-frame","pageId":"page@828d61b95c5bf8102d793ce344a62adf","sha1":"page@828d61b95c5bf8102d793ce344a62adf-1769457417258.jpeg","width":1280,"height":720,"timestamp":265527.221,"frameSwapWallTime":12958.3808}
{"type":"screencast-frame","pageId":"page@828d61b95c5bf8102d793ce344a62adf","sha1":"page@828d61b95c5bf8102d793ce344a62adf-1769457417419.jpeg","width":1280,"height":720,"timestamp":265688.494,"frameSwapWallTime":13119.517800000001}
{"type":"screencast-frame","pageId":"page@828d61b95c5bf8102d793ce344a62adf","sha1":"page@828d61b95c5bf8102d793ce344a62adf-1769457417641.jpeg","width":1280,"height":720,"timestamp":265910.371,"frameSwapWallTime":13336.6341}
{"type":"screencast-frame","pageId":"page@828d61b95c5bf8102d793ce344a62adf","sha1":"page@828d61b95c5bf8102d793ce344a62adf-1769457417835.jpeg","width":1280,"height":720,"timestamp":266104.347,"frameSwapWallTime":13535.2505}
{"type":"frame-snapshot","snapshot":{"callId":"call@8","snapshotName":"before@call@8","pageId":"page@828d61b95c5bf8102d793ce344a62adf","frameId":"frame@d31306cf6781552832aac3c8e4ea09ec","frameUrl":"about:blank","html":["HTML",{},["HEAD",{},["BASE",{"href":"about:blank"}]],["BODY"]],"viewport":{"width":1280,"height":720},"timestamp":266118.565,"wallTime":1769457417823,"collectionTime":92,"resourceOverrides":[],"isMainFrame":true}}
{"type":"log","callId":"call@8","time":266121.101,"message":"navigating to \"http://localhost:9000/projects\", waiting until \"load\""}
{"type":"screencast-frame","pageId":"page@828d61b95c5bf8102d793ce344a62adf","sha1":"page@828d61b95c5bf8102d793ce344a62adf-1769457418039.jpeg","width":1280,"height":720,"timestamp":266308.095,"frameSwapWallTime":13736.1778}
{"type":"screencast-frame","pageId":"page@828d61b95c5bf8102d793ce344a62adf","sha1":"page@828d61b95c5bf8102d793ce344a62adf-1769457418237.jpeg","width":1280,"height":720,"timestamp":266506.412,"frameSwapWallTime":13937.4576}
{"type":"screencast-frame","pageId":"page@828d61b95c5bf8102d793ce344a62adf","sha1":"page@828d61b95c5bf8102d793ce344a62adf-1769457418439.jpeg","width":1280,"height":720,"timestamp":266708.512,"frameSwapWallTime":14138.029700000001}
{"type":"screencast-frame","pageId":"page@828d61b95c5bf8102d793ce344a62adf","sha1":"page@828d61b95c5bf8102d793ce344a62adf-1769457418670.jpeg","width":1280,"height":720,"timestamp":266939.291,"frameSwapWallTime":14370.723}
{"type":"screencast-frame","pageId":"page@828d61b95c5bf8102d793ce344a62adf","sha1":"page@828d61b95c5bf8102d793ce344a62adf-1769457418921.jpeg","width":1280,"height":720,"timestamp":267190.162,"frameSwapWallTime":14620.7511}
{"type":"screencast-frame","pageId":"page@828d61b95c5bf8102d793ce344a62adf","sha1":"page@828d61b95c5bf8102d793ce344a62adf-1769457419089.jpeg","width":1280,"height":720,"timestamp":267357.938,"frameSwapWallTime":14789.0085}
{"type":"screencast-frame","pageId":"page@828d61b95c5bf8102d793ce344a62adf","sha1":"page@828d61b95c5bf8102d793ce344a62adf-1769457419321.jpeg","width":1280,"height":720,"timestamp":267590.508,"frameSwapWallTime":15021.627199999999}
{"type":"screencast-frame","pageId":"page@828d61b95c5bf8102d793ce344a62adf","sha1":"page@828d61b95c5bf8102d793ce344a62adf-1769457419573.jpeg","width":1280,"height":720,"timestamp":267842.405,"frameSwapWallTime":15273.5106}
{"type":"screencast-frame","pageId":"page@828d61b95c5bf8102d793ce344a62adf","sha1":"page@828d61b95c5bf8102d793ce344a62adf-1769457419839.jpeg","width":1280,"height":720,"timestamp":268108.198,"frameSwapWallTime":15538.501}
{"type":"screencast-frame","pageId":"page@828d61b95c5bf8102d793ce344a62adf","sha1":"page@828d61b95c5bf8102d793ce344a62adf-1769457419975.jpeg","width":1280,"height":720,"timestamp":268244.027,"frameSwapWallTime":15671.563}
{"type":"screencast-frame","pageId":"page@828d61b95c5bf8102d793ce344a62adf","sha1":"page@828d61b95c5bf8102d793ce344a62adf-1769457420141.jpeg","width":1280,"height":720,"timestamp":268409.811,"frameSwapWallTime":15840.7304}
{"type":"screencast-frame","pageId":"page@828d61b95c5bf8102d793ce344a62adf","sha1":"page@828d61b95c5bf8102d793ce344a62adf-1769457420432.jpeg","width":1280,"height":720,"timestamp":268701.322,"frameSwapWallTime":16127.8839}
{"type":"screencast-frame","pageId":"page@828d61b95c5bf8102d793ce344a62adf","sha1":"page@828d61b95c5bf8102d793ce344a62adf-1769457420740.jpeg","width":1280,"height":720,"timestamp":269008.77,"frameSwapWallTime":16438.0709}
{"type":"screencast-frame","pageId":"page@828d61b95c5bf8102d793ce344a62adf","sha1":"page@828d61b95c5bf8102d793ce344a62adf-1769457421232.jpeg","width":1280,"height":720,"timestamp":269501.361,"frameSwapWallTime":16815.815400000003}
{"type":"screencast-frame","pageId":"page@828d61b95c5bf8102d793ce344a62adf","sha1":"page@828d61b95c5bf8102d793ce344a62adf-1769457421840.jpeg","width":1280,"height":720,"timestamp":270109.372,"frameSwapWallTime":17537.677}
{"type":"screencast-frame","pageId":"page@828d61b95c5bf8102d793ce344a62adf","sha1":"page@828d61b95c5bf8102d793ce344a62adf-1769457423143.jpeg","width":1280,"height":720,"timestamp":271411.987,"frameSwapWallTime":17970.7082}
{"type":"screencast-frame","pageId":"page@828d61b95c5bf8102d793ce344a62adf","sha1":"page@828d61b95c5bf8102d793ce344a62adf-1769457423588.jpeg","width":1280,"height":720,"timestamp":271857.434,"frameSwapWallTime":19288.4627}
{"type":"screencast-frame","pageId":"page@828d61b95c5bf8102d793ce344a62adf","sha1":"page@828d61b95c5bf8102d793ce344a62adf-1769457423808.jpeg","width":1280,"height":720,"timestamp":272077.291,"frameSwapWallTime":19507.702999999998}
{"type":"screencast-frame","pageId":"page@828d61b95c5bf8102d793ce344a62adf","sha1":"page@828d61b95c5bf8102d793ce344a62adf-1769457423990.jpeg","width":1280,"height":720,"timestamp":272259.005,"frameSwapWallTime":19690.0577}
{"type":"screencast-frame","pageId":"page@828d61b95c5bf8102d793ce344a62adf","sha1":"page@828d61b95c5bf8102d793ce344a62adf-1769457424193.jpeg","width":1280,"height":720,"timestamp":272461.641,"frameSwapWallTime":19892.7892}
{"type":"screencast-frame","pageId":"page@828d61b95c5bf8102d793ce344a62adf","sha1":"page@828d61b95c5bf8102d793ce344a62adf-1769457424389.jpeg","width":1280,"height":720,"timestamp":272658.247,"frameSwapWallTime":20089.468}
{"type":"screencast-frame","pageId":"page@828d61b95c5bf8102d793ce344a62adf","sha1":"page@828d61b95c5bf8102d793ce344a62adf-1769457424694.jpeg","width":1280,"height":720,"timestamp":272963.179,"frameSwapWallTime":20367.3747}
{"type":"screencast-frame","pageId":"page@828d61b95c5bf8102d793ce344a62adf","sha1":"page@828d61b95c5bf8102d793ce344a62adf-1769457424892.jpeg","width":1280,"height":720,"timestamp":273160.946,"frameSwapWallTime":20591.5579}
{"type":"screencast-frame","pageId":"page@828d61b95c5bf8102d793ce344a62adf","sha1":"page@828d61b95c5bf8102d793ce344a62adf-1769457425063.jpeg","width":1280,"height":720,"timestamp":273331.982,"frameSwapWallTime":20759.442}
{"type":"screencast-frame","pageId":"page@828d61b95c5bf8102d793ce344a62adf","sha1":"page@828d61b95c5bf8102d793ce344a62adf-1769457425208.jpeg","width":1280,"height":720,"timestamp":273476.746,"frameSwapWallTime":20907.9956}
{"type":"screencast-frame","pageId":"page@828d61b95c5bf8102d793ce344a62adf","sha1":"page@828d61b95c5bf8102d793ce344a62adf-1769457425461.jpeg","width":1280,"height":720,"timestamp":273730.014,"frameSwapWallTime":21159.1126}
{"type":"screencast-frame","pageId":"page@828d61b95c5bf8102d793ce344a62adf","sha1":"page@828d61b95c5bf8102d793ce344a62adf-1769457425691.jpeg","width":1280,"height":720,"timestamp":273959.885,"frameSwapWallTime":21390.802399999997}
{"type":"screencast-frame","pageId":"page@828d61b95c5bf8102d793ce344a62adf","sha1":"page@828d61b95c5bf8102d793ce344a62adf-1769457425928.jpeg","width":1280,"height":720,"timestamp":274196.871,"frameSwapWallTime":21626.6403}
{"type":"screencast-frame","pageId":"page@828d61b95c5bf8102d793ce344a62adf","sha1":"page@828d61b95c5bf8102d793ce344a62adf-1769457426040.jpeg","width":1280,"height":720,"timestamp":274309.142,"frameSwapWallTime":21740.4389}
{"type":"screencast-frame","pageId":"page@828d61b95c5bf8102d793ce344a62adf","sha1":"page@828d61b95c5bf8102d793ce344a62adf-1769457426274.jpeg","width":1280,"height":720,"timestamp":274542.635,"frameSwapWallTime":21972.9311}
{"type":"screencast-frame","pageId":"page@828d61b95c5bf8102d793ce344a62adf","sha1":"page@828d61b95c5bf8102d793ce344a62adf-1769457426461.jpeg","width":1280,"height":720,"timestamp":274730.104,"frameSwapWallTime":22158.426}
{"type":"screencast-frame","pageId":"page@828d61b95c5bf8102d793ce344a62adf","sha1":"page@828d61b95c5bf8102d793ce344a62adf-1769457426685.jpeg","width":1280,"height":720,"timestamp":274953.968,"frameSwapWallTime":22376.5674}
{"type":"screencast-frame","pageId":"page@828d61b95c5bf8102d793ce344a62adf","sha1":"page@828d61b95c5bf8102d793ce344a62adf-1769457427012.jpeg","width":1280,"height":720,"timestamp":275281.224,"frameSwapWallTime":22711.576999999997}
{"type":"screencast-frame","pageId":"page@828d61b95c5bf8102d793ce344a62adf","sha1":"page@828d61b95c5bf8102d793ce344a62adf-1769457427241.jpeg","width":1280,"height":720,"timestamp":275509.573,"frameSwapWallTime":22939.3878}
{"type":"screencast-frame","pageId":"page@828d61b95c5bf8102d793ce344a62adf","sha1":"page@828d61b95c5bf8102d793ce344a62adf-1769457427426.jpeg","width":1280,"height":720,"timestamp":275695.025,"frameSwapWallTime":23121.2074}
{"type":"screencast-frame","pageId":"page@828d61b95c5bf8102d793ce344a62adf","sha1":"page@828d61b95c5bf8102d793ce344a62adf-1769457427677.jpeg","width":1280,"height":720,"timestamp":275945.609,"frameSwapWallTime":23370.7628}
{"type":"screencast-frame","pageId":"page@828d61b95c5bf8102d793ce344a62adf","sha1":"page@828d61b95c5bf8102d793ce344a62adf-1769457427793.jpeg","width":1280,"height":720,"timestamp":276062.398,"frameSwapWallTime":23491.9261}
{"type":"screencast-frame","pageId":"page@828d61b95c5bf8102d793ce344a62adf","sha1":"page@828d61b95c5bf8102d793ce344a62adf-1769457428025.jpeg","width":1280,"height":720,"timestamp":276293.613,"frameSwapWallTime":23724.9931}
{"type":"screencast-frame","pageId":"page@828d61b95c5bf8102d793ce344a62adf","sha1":"page@828d61b95c5bf8102d793ce344a62adf-1769457428223.jpeg","width":1280,"height":720,"timestamp":276491.985,"frameSwapWallTime":23921.6744}
{"type":"screencast-frame","pageId":"page@828d61b95c5bf8102d793ce344a62adf","sha1":"page@828d61b95c5bf8102d793ce344a62adf-1769457428571.jpeg","width":1280,"height":720,"timestamp":276840.449,"frameSwapWallTime":24205.7569}
{"type":"screencast-frame","pageId":"page@828d61b95c5bf8102d793ce344a62adf","sha1":"page@828d61b95c5bf8102d793ce344a62adf-1769457428773.jpeg","width":1280,"height":720,"timestamp":277041.813,"frameSwapWallTime":24472.5976}
{"type":"screencast-frame","pageId":"page@828d61b95c5bf8102d793ce344a62adf","sha1":"page@828d61b95c5bf8102d793ce344a62adf-1769457428857.jpeg","width":1280,"height":720,"timestamp":277125.82,"frameSwapWallTime":24555.5887}
{"type":"screencast-frame","pageId":"page@828d61b95c5bf8102d793ce344a62adf","sha1":"page@828d61b95c5bf8102d793ce344a62adf-1769457429155.jpeg","width":1280,"height":720,"timestamp":277423.758,"frameSwapWallTime":24854.1007}
{"type":"screencast-frame","pageId":"page@828d61b95c5bf8102d793ce344a62adf","sha1":"page@828d61b95c5bf8102d793ce344a62adf-1769457429270.jpeg","width":1280,"height":720,"timestamp":277539.429,"frameSwapWallTime":24969.4823}
{"type":"screencast-frame","pageId":"page@828d61b95c5bf8102d793ce344a62adf","sha1":"page@828d61b95c5bf8102d793ce344a62adf-1769457429420.jpeg","width":1280,"height":720,"timestamp":277688.605,"frameSwapWallTime":25119.7583}
{"type":"screencast-frame","pageId":"page@828d61b95c5bf8102d793ce344a62adf","sha1":"page@828d61b95c5bf8102d793ce344a62adf-1769457429671.jpeg","width":1280,"height":720,"timestamp":277940.043,"frameSwapWallTime":25369.719}
{"type":"screencast-frame","pageId":"page@828d61b95c5bf8102d793ce344a62adf","sha1":"page@828d61b95c5bf8102d793ce344a62adf-1769457429852.jpeg","width":1280,"height":720,"timestamp":278121.121,"frameSwapWallTime":25552.4947}
{"type":"console","messageType":"warning","text":"[JavaScript Warning: \"“localhost” has been classified as a bounce tracker. If it does not receive user activation within the next 3,600 seconds it will have its state purged.\"]","args":[{"preview":"[JavaScript Warning: \"“localhost” has been classified as a bounce tracker. If it does not receive user activation within the next 3,600 seconds it will have its state purged.\"]","value":"[JavaScript Warning: \"“localhost” has been classified as a bounce tracker. If it does not receive user activation within the next 3,600 seconds it will have its state purged.\"]"}],"location":{"lineNumber":0,"columnNumber":0,"url":""},"time":278272.944,"pageId":"page@828d61b95c5bf8102d793ce344a62adf"}
{"type":"screencast-frame","pageId":"page@828d61b95c5bf8102d793ce344a62adf","sha1":"page@828d61b95c5bf8102d793ce344a62adf-1769457430036.jpeg","width":1280,"height":720,"timestamp":278305.107,"frameSwapWallTime":25736.1417}
{"type":"screencast-frame","pageId":"page@828d61b95c5bf8102d793ce344a62adf","sha1":"page@828d61b95c5bf8102d793ce344a62adf-1769457430268.jpeg","width":1280,"height":720,"timestamp":278536.973,"frameSwapWallTime":25968.065}
{"type":"screencast-frame","pageId":"page@828d61b95c5bf8102d793ce344a62adf","sha1":"page@828d61b95c5bf8102d793ce344a62adf-1769457430487.jpeg","width":1280,"height":720,"timestamp":278756.028,"frameSwapWallTime":26187.285}
{"type":"screencast-frame","pageId":"page@828d61b95c5bf8102d793ce344a62adf","sha1":"page@828d61b95c5bf8102d793ce344a62adf-1769457430701.jpeg","width":1280,"height":720,"timestamp":278969.855,"frameSwapWallTime":26401.115999999998}
{"type":"screencast-frame","pageId":"page@828d61b95c5bf8102d793ce344a62adf","sha1":"page@828d61b95c5bf8102d793ce344a62adf-1769457431104.jpeg","width":1280,"height":720,"timestamp":279373.224,"frameSwapWallTime":26682.272399999998}
{"type":"screencast-frame","pageId":"page@828d61b95c5bf8102d793ce344a62adf","sha1":"page@828d61b95c5bf8102d793ce344a62adf-1769457431505.jpeg","width":1280,"height":720,"timestamp":279774.219,"frameSwapWallTime":27201.6161}
{"type":"screencast-frame","pageId":"page@828d61b95c5bf8102d793ce344a62adf","sha1":"page@828d61b95c5bf8102d793ce344a62adf-1769457431926.jpeg","width":1280,"height":720,"timestamp":280195.504,"frameSwapWallTime":27570.0463}
{"type":"screencast-frame","pageId":"page@828d61b95c5bf8102d793ce344a62adf","sha1":"page@828d61b95c5bf8102d793ce344a62adf-1769457432135.jpeg","width":1280,"height":720,"timestamp":280404.03,"frameSwapWallTime":27835.127}
{"type":"screencast-frame","pageId":"page@828d61b95c5bf8102d793ce344a62adf","sha1":"page@828d61b95c5bf8102d793ce344a62adf-1769457432403.jpeg","width":1280,"height":720,"timestamp":280671.565,"frameSwapWallTime":28102.6638}
{"type":"screencast-frame","pageId":"page@828d61b95c5bf8102d793ce344a62adf","sha1":"page@828d61b95c5bf8102d793ce344a62adf-1769457432520.jpeg","width":1280,"height":720,"timestamp":280788.866,"frameSwapWallTime":28218.5605}
{"type":"screencast-frame","pageId":"page@828d61b95c5bf8102d793ce344a62adf","sha1":"page@828d61b95c5bf8102d793ce344a62adf-1769457432803.jpeg","width":1280,"height":720,"timestamp":281071.581,"frameSwapWallTime":28502.6612}
{"type":"screencast-frame","pageId":"page@828d61b95c5bf8102d793ce344a62adf","sha1":"page@828d61b95c5bf8102d793ce344a62adf-1769457432987.jpeg","width":1280,"height":720,"timestamp":281255.744,"frameSwapWallTime":28686.1725}
{"type":"screencast-frame","pageId":"page@828d61b95c5bf8102d793ce344a62adf","sha1":"page@828d61b95c5bf8102d793ce344a62adf-1769457433231.jpeg","width":1280,"height":720,"timestamp":281499.788,"frameSwapWallTime":28930.4585}
{"type":"screencast-frame","pageId":"page@828d61b95c5bf8102d793ce344a62adf","sha1":"page@828d61b95c5bf8102d793ce344a62adf-1769457433537.jpeg","width":1280,"height":720,"timestamp":281806.209,"frameSwapWallTime":29237.3607}
{"type":"screencast-frame","pageId":"page@828d61b95c5bf8102d793ce344a62adf","sha1":"page@828d61b95c5bf8102d793ce344a62adf-1769457433755.jpeg","width":1280,"height":720,"timestamp":282023.882,"frameSwapWallTime":29454.2762}
{"type":"screencast-frame","pageId":"page@828d61b95c5bf8102d793ce344a62adf","sha1":"page@828d61b95c5bf8102d793ce344a62adf-1769457433838.jpeg","width":1280,"height":720,"timestamp":282107.413,"frameSwapWallTime":29537.7303}
{"type":"screencast-frame","pageId":"page@828d61b95c5bf8102d793ce344a62adf","sha1":"page@828d61b95c5bf8102d793ce344a62adf-1769457434022.jpeg","width":1280,"height":720,"timestamp":282290.657,"frameSwapWallTime":29722.0291}
{"type":"screencast-frame","pageId":"page@828d61b95c5bf8102d793ce344a62adf","sha1":"page@828d61b95c5bf8102d793ce344a62adf-1769457434288.jpeg","width":1280,"height":720,"timestamp":282557.25,"frameSwapWallTime":29987.2437}
{"type":"screencast-frame","pageId":"page@828d61b95c5bf8102d793ce344a62adf","sha1":"page@828d61b95c5bf8102d793ce344a62adf-1769457434455.jpeg","width":1280,"height":720,"timestamp":282724.161,"frameSwapWallTime":30154.6404}
{"type":"screencast-frame","pageId":"page@828d61b95c5bf8102d793ce344a62adf","sha1":"page@828d61b95c5bf8102d793ce344a62adf-1769457434689.jpeg","width":1280,"height":720,"timestamp":282958.019,"frameSwapWallTime":30388.4702}
{"type":"screencast-frame","pageId":"page@828d61b95c5bf8102d793ce344a62adf","sha1":"page@828d61b95c5bf8102d793ce344a62adf-1769457434855.jpeg","width":1280,"height":720,"timestamp":283124.426,"frameSwapWallTime":30555.7053}
{"type":"screencast-frame","pageId":"page@828d61b95c5bf8102d793ce344a62adf","sha1":"page@828d61b95c5bf8102d793ce344a62adf-1769457435039.jpeg","width":1280,"height":720,"timestamp":283307.544,"frameSwapWallTime":30738.007400000002}
{"type":"screencast-frame","pageId":"page@828d61b95c5bf8102d793ce344a62adf","sha1":"page@828d61b95c5bf8102d793ce344a62adf-1769457435522.jpeg","width":1280,"height":720,"timestamp":283791.255,"frameSwapWallTime":31177.8053}
{"type":"screencast-frame","pageId":"page@828d61b95c5bf8102d793ce344a62adf","sha1":"page@828d61b95c5bf8102d793ce344a62adf-1769457435996.jpeg","width":1280,"height":720,"timestamp":284264.821,"frameSwapWallTime":31688.3406}
{"type":"screencast-frame","pageId":"page@828d61b95c5bf8102d793ce344a62adf","sha1":"page@828d61b95c5bf8102d793ce344a62adf-1769457436440.jpeg","width":1280,"height":720,"timestamp":284708.869,"frameSwapWallTime":32140.0177}
{"type":"screencast-frame","pageId":"page@828d61b95c5bf8102d793ce344a62adf","sha1":"page@828d61b95c5bf8102d793ce344a62adf-1769457436553.jpeg","width":1280,"height":720,"timestamp":284821.787,"frameSwapWallTime":32251.602300000002}
{"type":"screencast-frame","pageId":"page@828d61b95c5bf8102d793ce344a62adf","sha1":"page@828d61b95c5bf8102d793ce344a62adf-1769457436692.jpeg","width":1280,"height":720,"timestamp":284960.625,"frameSwapWallTime":32391.311199999996}
{"type":"screencast-frame","pageId":"page@828d61b95c5bf8102d793ce344a62adf","sha1":"page@828d61b95c5bf8102d793ce344a62adf-1769457436888.jpeg","width":1280,"height":720,"timestamp":285156.894,"frameSwapWallTime":32587.814100000003}
{"type":"screencast-frame","pageId":"page@828d61b95c5bf8102d793ce344a62adf","sha1":"page@828d61b95c5bf8102d793ce344a62adf-1769457437088.jpeg","width":1280,"height":720,"timestamp":285356.615,"frameSwapWallTime":32787.671500000004}
{"type":"screencast-frame","pageId":"page@828d61b95c5bf8102d793ce344a62adf","sha1":"page@828d61b95c5bf8102d793ce344a62adf-1769457437330.jpeg","width":1280,"height":720,"timestamp":285598.631,"frameSwapWallTime":33029.7616}
{"type":"screencast-frame","pageId":"page@828d61b95c5bf8102d793ce344a62adf","sha1":"page@828d61b95c5bf8102d793ce344a62adf-1769457437521.jpeg","width":1280,"height":720,"timestamp":285790.511,"frameSwapWallTime":33221.6869}
{"type":"screencast-frame","pageId":"page@828d61b95c5bf8102d793ce344a62adf","sha1":"page@828d61b95c5bf8102d793ce344a62adf-1769457437704.jpeg","width":1280,"height":720,"timestamp":285973.08,"frameSwapWallTime":33397.077000000005}
{"type":"screencast-frame","pageId":"page@828d61b95c5bf8102d793ce344a62adf","sha1":"page@828d61b95c5bf8102d793ce344a62adf-1769457437973.jpeg","width":1280,"height":720,"timestamp":286241.811,"frameSwapWallTime":33671.7662}
{"type":"screencast-frame","pageId":"page@828d61b95c5bf8102d793ce344a62adf","sha1":"page@828d61b95c5bf8102d793ce344a62adf-1769457438140.jpeg","width":1280,"height":720,"timestamp":286408.573,"frameSwapWallTime":33837.2698}
{"type":"screencast-frame","pageId":"page@828d61b95c5bf8102d793ce344a62adf","sha1":"page@828d61b95c5bf8102d793ce344a62adf-1769457438370.jpeg","width":1280,"height":720,"timestamp":286638.647,"frameSwapWallTime":34069.759900000005}
{"type":"screencast-frame","pageId":"page@828d61b95c5bf8102d793ce344a62adf","sha1":"page@828d61b95c5bf8102d793ce344a62adf-1769457438620.jpeg","width":1280,"height":720,"timestamp":286889.15,"frameSwapWallTime":34319.724200000004}
{"type":"console","messageType":"debug","text":"[vite] connecting...","args":[{"preview":"[vite] connecting...","value":"[vite] connecting..."}],"location":{"lineNumber":732,"columnNumber":8,"url":"http://localhost:9000/@vite/client"},"time":286949.415,"pageId":"page@828d61b95c5bf8102d793ce344a62adf"}
{"type":"console","messageType":"debug","text":"[vite] connected.","args":[{"preview":"[vite] connected.","value":"[vite] connected."}],"location":{"lineNumber":826,"columnNumber":11,"url":"http://localhost:9000/@vite/client"},"time":287048.544,"pageId":"page@828d61b95c5bf8102d793ce344a62adf"}
{"type":"screencast-frame","pageId":"page@828d61b95c5bf8102d793ce344a62adf","sha1":"page@828d61b95c5bf8102d793ce344a62adf-1769457438790.jpeg","width":1280,"height":720,"timestamp":287058.803,"frameSwapWallTime":34488.1302}
{"type":"screencast-frame","pageId":"page@828d61b95c5bf8102d793ce344a62adf","sha1":"page@828d61b95c5bf8102d793ce344a62adf-1769457439020.jpeg","width":1280,"height":720,"timestamp":287289.439,"frameSwapWallTime":34720.5316}
{"type":"screencast-frame","pageId":"page@828d61b95c5bf8102d793ce344a62adf","sha1":"page@828d61b95c5bf8102d793ce344a62adf-1769457439220.jpeg","width":1280,"height":720,"timestamp":287488.828,"frameSwapWallTime":34919.947}
{"type":"screencast-frame","pageId":"page@828d61b95c5bf8102d793ce344a62adf","sha1":"page@828d61b95c5bf8102d793ce344a62adf-1769457439388.jpeg","width":1280,"height":720,"timestamp":287656.624,"frameSwapWallTime":35087.479}
{"type":"screencast-frame","pageId":"page@828d61b95c5bf8102d793ce344a62adf","sha1":"page@828d61b95c5bf8102d793ce344a62adf-1769457439772.jpeg","width":1280,"height":720,"timestamp":288041.048,"frameSwapWallTime":35421.3137}
{"type":"screencast-frame","pageId":"page@828d61b95c5bf8102d793ce344a62adf","sha1":"page@828d61b95c5bf8102d793ce344a62adf-1769457439988.jpeg","width":1280,"height":720,"timestamp":288256.742,"frameSwapWallTime":35687.4631}
{"type":"screencast-frame","pageId":"page@828d61b95c5bf8102d793ce344a62adf","sha1":"page@828d61b95c5bf8102d793ce344a62adf-1769457440192.jpeg","width":1280,"height":720,"timestamp":288460.804,"frameSwapWallTime":35891.9368}
{"type":"screencast-frame","pageId":"page@828d61b95c5bf8102d793ce344a62adf","sha1":"page@828d61b95c5bf8102d793ce344a62adf-1769457440443.jpeg","width":1280,"height":720,"timestamp":288711.546,"frameSwapWallTime":36124.621699999996}
{"type":"screencast-frame","pageId":"page@828d61b95c5bf8102d793ce344a62adf","sha1":"page@828d61b95c5bf8102d793ce344a62adf-1769457440692.jpeg","width":1280,"height":720,"timestamp":288961.404,"frameSwapWallTime":36380.4017}
{"type":"screencast-frame","pageId":"page@828d61b95c5bf8102d793ce344a62adf","sha1":"page@828d61b95c5bf8102d793ce344a62adf-1769457440849.jpeg","width":1280,"height":720,"timestamp":289117.824,"frameSwapWallTime":36545.4622}
{"type":"screencast-frame","pageId":"page@828d61b95c5bf8102d793ce344a62adf","sha1":"page@828d61b95c5bf8102d793ce344a62adf-1769457441009.jpeg","width":1280,"height":720,"timestamp":289278.041,"frameSwapWallTime":36709.2294}
{"type":"screencast-frame","pageId":"page@828d61b95c5bf8102d793ce344a62adf","sha1":"page@828d61b95c5bf8102d793ce344a62adf-1769457441262.jpeg","width":1280,"height":720,"timestamp":289531.179,"frameSwapWallTime":36945.2541}
{"type":"screencast-frame","pageId":"page@828d61b95c5bf8102d793ce344a62adf","sha1":"page@828d61b95c5bf8102d793ce344a62adf-1769457441510.jpeg","width":1280,"height":720,"timestamp":289778.791,"frameSwapWallTime":37208.6542}
{"type":"screencast-frame","pageId":"page@828d61b95c5bf8102d793ce344a62adf","sha1":"page@828d61b95c5bf8102d793ce344a62adf-1769457441655.jpeg","width":1280,"height":720,"timestamp":289924.504,"frameSwapWallTime":37355.3834}
{"type":"screencast-frame","pageId":"page@828d61b95c5bf8102d793ce344a62adf","sha1":"page@828d61b95c5bf8102d793ce344a62adf-1769457441841.jpeg","width":1280,"height":720,"timestamp":290110.238,"frameSwapWallTime":37540.5458}
{"type":"screencast-frame","pageId":"page@828d61b95c5bf8102d793ce344a62adf","sha1":"page@828d61b95c5bf8102d793ce344a62adf-1769457442105.jpeg","width":1280,"height":720,"timestamp":290373.727,"frameSwapWallTime":37804.718100000006}
{"type":"screencast-frame","pageId":"page@828d61b95c5bf8102d793ce344a62adf","sha1":"page@828d61b95c5bf8102d793ce344a62adf-1769457442256.jpeg","width":1280,"height":720,"timestamp":290525.098,"frameSwapWallTime":37954.3184}
{"type":"screencast-frame","pageId":"page@828d61b95c5bf8102d793ce344a62adf","sha1":"page@828d61b95c5bf8102d793ce344a62adf-1769457442471.jpeg","width":1280,"height":720,"timestamp":290740.078,"frameSwapWallTime":38169.1109}
{"type":"screencast-frame","pageId":"page@828d61b95c5bf8102d793ce344a62adf","sha1":"page@828d61b95c5bf8102d793ce344a62adf-1769457442706.jpeg","width":1280,"height":720,"timestamp":290974.861,"frameSwapWallTime":38404.3355}
{"type":"screencast-frame","pageId":"page@828d61b95c5bf8102d793ce344a62adf","sha1":"page@828d61b95c5bf8102d793ce344a62adf-1769457442870.jpeg","width":1280,"height":720,"timestamp":291139.134,"frameSwapWallTime":38570.0675}
{"type":"screencast-frame","pageId":"page@828d61b95c5bf8102d793ce344a62adf","sha1":"page@828d61b95c5bf8102d793ce344a62adf-1769457443070.jpeg","width":1280,"height":720,"timestamp":291339.24,"frameSwapWallTime":38770.3105}
{"type":"screencast-frame","pageId":"page@828d61b95c5bf8102d793ce344a62adf","sha1":"page@828d61b95c5bf8102d793ce344a62adf-1769457443285.jpeg","width":1280,"height":720,"timestamp":291554.324,"frameSwapWallTime":38984.9825}
{"type":"screencast-frame","pageId":"page@828d61b95c5bf8102d793ce344a62adf","sha1":"page@828d61b95c5bf8102d793ce344a62adf-1769457443522.jpeg","width":1280,"height":720,"timestamp":291790.936,"frameSwapWallTime":39221.4476}
{"type":"screencast-frame","pageId":"page@828d61b95c5bf8102d793ce344a62adf","sha1":"page@828d61b95c5bf8102d793ce344a62adf-1769457443737.jpeg","width":1280,"height":720,"timestamp":292006.125,"frameSwapWallTime":39436.9875}
{"type":"screencast-frame","pageId":"page@828d61b95c5bf8102d793ce344a62adf","sha1":"page@828d61b95c5bf8102d793ce344a62adf-1769457443887.jpeg","width":1280,"height":720,"timestamp":292155.847,"frameSwapWallTime":39587.3834}
{"type":"screencast-frame","pageId":"page@828d61b95c5bf8102d793ce344a62adf","sha1":"page@828d61b95c5bf8102d793ce344a62adf-1769457444108.jpeg","width":1280,"height":720,"timestamp":292376.632,"frameSwapWallTime":39803.6806}
{"type":"screencast-frame","pageId":"page@828d61b95c5bf8102d793ce344a62adf","sha1":"page@828d61b95c5bf8102d793ce344a62adf-1769457444339.jpeg","width":1280,"height":720,"timestamp":292608.464,"frameSwapWallTime":40038.568699999996}
{"type":"screencast-frame","pageId":"page@828d61b95c5bf8102d793ce344a62adf","sha1":"page@828d61b95c5bf8102d793ce344a62adf-1769457444549.jpeg","width":1280,"height":720,"timestamp":292817.747,"frameSwapWallTime":40243.1336}
{"type":"screencast-frame","pageId":"page@828d61b95c5bf8102d793ce344a62adf","sha1":"page@828d61b95c5bf8102d793ce344a62adf-1769457444809.jpeg","width":1280,"height":720,"timestamp":293078.036,"frameSwapWallTime":40507.4672}
{"type":"screencast-frame","pageId":"page@828d61b95c5bf8102d793ce344a62adf","sha1":"page@828d61b95c5bf8102d793ce344a62adf-1769457444941.jpeg","width":1280,"height":720,"timestamp":293209.78,"frameSwapWallTime":40639.9245}
{"type":"screencast-frame","pageId":"page@828d61b95c5bf8102d793ce344a62adf","sha1":"page@828d61b95c5bf8102d793ce344a62adf-1769457445191.jpeg","width":1280,"height":720,"timestamp":293459.646,"frameSwapWallTime":40890.8492}
{"type":"screencast-frame","pageId":"page@828d61b95c5bf8102d793ce344a62adf","sha1":"page@828d61b95c5bf8102d793ce344a62adf-1769457445359.jpeg","width":1280,"height":720,"timestamp":293627.751,"frameSwapWallTime":41057.460300000006}
{"type":"screencast-frame","pageId":"page@828d61b95c5bf8102d793ce344a62adf","sha1":"page@828d61b95c5bf8102d793ce344a62adf-1769457445610.jpeg","width":1280,"height":720,"timestamp":293879.033,"frameSwapWallTime":41308.410299999996}
{"type":"screencast-frame","pageId":"page@828d61b95c5bf8102d793ce344a62adf","sha1":"page@828d61b95c5bf8102d793ce344a62adf-1769457445774.jpeg","width":1280,"height":720,"timestamp":294042.888,"frameSwapWallTime":41473.825}
{"type":"screencast-frame","pageId":"page@828d61b95c5bf8102d793ce344a62adf","sha1":"page@828d61b95c5bf8102d793ce344a62adf-1769457445992.jpeg","width":1280,"height":720,"timestamp":294261.414,"frameSwapWallTime":41692.241}
{"type":"screencast-frame","pageId":"page@828d61b95c5bf8102d793ce344a62adf","sha1":"page@828d61b95c5bf8102d793ce344a62adf-1769457446221.jpeg","width":1280,"height":720,"timestamp":294490.425,"frameSwapWallTime":41920.5431}
{"type":"screencast-frame","pageId":"page@828d61b95c5bf8102d793ce344a62adf","sha1":"page@828d61b95c5bf8102d793ce344a62adf-1769457446460.jpeg","width":1280,"height":720,"timestamp":294728.854,"frameSwapWallTime":42159.690599999994}
{"type":"screencast-frame","pageId":"page@828d61b95c5bf8102d793ce344a62adf","sha1":"page@828d61b95c5bf8102d793ce344a62adf-1769457446641.jpeg","width":1280,"height":720,"timestamp":294909.897,"frameSwapWallTime":42341.3599}
{"type":"screencast-frame","pageId":"page@828d61b95c5bf8102d793ce344a62adf","sha1":"page@828d61b95c5bf8102d793ce344a62adf-1769457446859.jpeg","width":1280,"height":720,"timestamp":295127.746,"frameSwapWallTime":42555.2353}
{"type":"screencast-frame","pageId":"page@828d61b95c5bf8102d793ce344a62adf","sha1":"page@828d61b95c5bf8102d793ce344a62adf-1769457447057.jpeg","width":1280,"height":720,"timestamp":295326.385,"frameSwapWallTime":42757.6014}
{"type":"screencast-frame","pageId":"page@828d61b95c5bf8102d793ce344a62adf","sha1":"page@828d61b95c5bf8102d793ce344a62adf-1769457447293.jpeg","width":1280,"height":720,"timestamp":295562.162,"frameSwapWallTime":42992.722200000004}
{"type":"screencast-frame","pageId":"page@828d61b95c5bf8102d793ce344a62adf","sha1":"page@828d61b95c5bf8102d793ce344a62adf-1769457447491.jpeg","width":1280,"height":720,"timestamp":295760.261,"frameSwapWallTime":43190.439099999996}
{"type":"screencast-frame","pageId":"page@828d61b95c5bf8102d793ce344a62adf","sha1":"page@828d61b95c5bf8102d793ce344a62adf-1769457447707.jpeg","width":1280,"height":720,"timestamp":295976.295,"frameSwapWallTime":43403.7599}
{"type":"screencast-frame","pageId":"page@828d61b95c5bf8102d793ce344a62adf","sha1":"page@828d61b95c5bf8102d793ce344a62adf-1769457447847.jpeg","width":1280,"height":720,"timestamp":296116.477,"frameSwapWallTime":43539.663400000005}
{"type":"screencast-frame","pageId":"page@828d61b95c5bf8102d793ce344a62adf","sha1":"page@828d61b95c5bf8102d793ce344a62adf-1769457448161.jpeg","width":1280,"height":720,"timestamp":296429.673,"frameSwapWallTime":43859.3297}
{"type":"screencast-frame","pageId":"page@828d61b95c5bf8102d793ce344a62adf","sha1":"page@828d61b95c5bf8102d793ce344a62adf-1769457448401.jpeg","width":1280,"height":720,"timestamp":296670.306,"frameSwapWallTime":44091.5882}
{"type":"screencast-frame","pageId":"page@828d61b95c5bf8102d793ce344a62adf","sha1":"page@828d61b95c5bf8102d793ce344a62adf-1769457448613.jpeg","width":1280,"height":720,"timestamp":296882.243,"frameSwapWallTime":44311.142}
{"type":"screencast-frame","pageId":"page@828d61b95c5bf8102d793ce344a62adf","sha1":"page@828d61b95c5bf8102d793ce344a62adf-1769457448761.jpeg","width":1280,"height":720,"timestamp":297030.098,"frameSwapWallTime":44458.491}
{"type":"screencast-frame","pageId":"page@828d61b95c5bf8102d793ce344a62adf","sha1":"page@828d61b95c5bf8102d793ce344a62adf-1769457448902.jpeg","width":1280,"height":720,"timestamp":297171.283,"frameSwapWallTime":44593.4264}
{"type":"screencast-frame","pageId":"page@828d61b95c5bf8102d793ce344a62adf","sha1":"page@828d61b95c5bf8102d793ce344a62adf-1769457449155.jpeg","width":1280,"height":720,"timestamp":297423.931,"frameSwapWallTime":44855.1091}
{"type":"screencast-frame","pageId":"page@828d61b95c5bf8102d793ce344a62adf","sha1":"page@828d61b95c5bf8102d793ce344a62adf-1769457449326.jpeg","width":1280,"height":720,"timestamp":297595.212,"frameSwapWallTime":45023.937}
{"type":"screencast-frame","pageId":"page@828d61b95c5bf8102d793ce344a62adf","sha1":"page@828d61b95c5bf8102d793ce344a62adf-1769457449526.jpeg","width":1280,"height":720,"timestamp":297794.566,"frameSwapWallTime":45222.789}
{"type":"screencast-frame","pageId":"page@828d61b95c5bf8102d793ce344a62adf","sha1":"page@828d61b95c5bf8102d793ce344a62adf-1769457449724.jpeg","width":1280,"height":720,"timestamp":297992.99,"frameSwapWallTime":45423.826400000005}
{"type":"screencast-frame","pageId":"page@828d61b95c5bf8102d793ce344a62adf","sha1":"page@828d61b95c5bf8102d793ce344a62adf-1769457449971.jpeg","width":1280,"height":720,"timestamp":298239.842,"frameSwapWallTime":45670.4573}
{"type":"screencast-frame","pageId":"page@828d61b95c5bf8102d793ce344a62adf","sha1":"page@828d61b95c5bf8102d793ce344a62adf-1769457450187.jpeg","width":1280,"height":720,"timestamp":298456.057,"frameSwapWallTime":45887.2965}
{"type":"screencast-frame","pageId":"page@828d61b95c5bf8102d793ce344a62adf","sha1":"page@828d61b95c5bf8102d793ce344a62adf-1769457450419.jpeg","width":1280,"height":720,"timestamp":298687.974,"frameSwapWallTime":46119.019799999995}
{"type":"console","messageType":"info","text":"Download the React DevTools for a better development experience: https://reactjs.org/link/react-devtools","args":[{"preview":"Download the React DevTools for a better development experience: https://reactjs.org/link/react-devtools","value":"Download the React DevTools for a better development experience: https://reactjs.org/link/react-devtools"}],"location":{"lineNumber":21608,"columnNumber":24,"url":"http://localhost:9000/@fs/D:/Nuxt%20Projects/new-portfolio/node_modules/.vite/deps/chunk-PQBXVK2R.js?v=e9b1c4bf"},"time":298771.364,"pageId":"page@828d61b95c5bf8102d793ce344a62adf"}
{"type":"screencast-frame","pageId":"page@828d61b95c5bf8102d793ce344a62adf","sha1":"page@828d61b95c5bf8102d793ce344a62adf-1769457450566.jpeg","width":1280,"height":720,"timestamp":298835.25,"frameSwapWallTime":46266.8614}
{"type":"screencast-frame","pageId":"page@828d61b95c5bf8102d793ce344a62adf","sha1":"page@828d61b95c5bf8102d793ce344a62adf-1769457450786.jpeg","width":1280,"height":720,"timestamp":299054.617,"frameSwapWallTime":46485.632000000005}
{"type":"screencast-frame","pageId":"page@828d61b95c5bf8102d793ce344a62adf","sha1":"page@828d61b95c5bf8102d793ce344a62adf-1769457451005.jpeg","width":1280,"height":720,"timestamp":299273.576,"frameSwapWallTime":46702.3897}
{"type":"screencast-frame","pageId":"page@828d61b95c5bf8102d793ce344a62adf","sha1":"page@828d61b95c5bf8102d793ce344a62adf-1769457451217.jpeg","width":1280,"height":720,"timestamp":299486.581,"frameSwapWallTime":46917.9922}
{"type":"screencast-frame","pageId":"page@828d61b95c5bf8102d793ce344a62adf","sha1":"page@828d61b95c5bf8102d793ce344a62adf-1769457451436.jpeg","width":1280,"height":720,"timestamp":299704.603,"frameSwapWallTime":47135.920900000005}
{"type":"screencast-frame","pageId":"page@828d61b95c5bf8102d793ce344a62adf","sha1":"page@828d61b95c5bf8102d793ce344a62adf-1769457451639.jpeg","width":1280,"height":720,"timestamp":299908.005,"frameSwapWallTime":47337.061200000004}
{"type":"screencast-frame","pageId":"page@828d61b95c5bf8102d793ce344a62adf","sha1":"page@828d61b95c5bf8102d793ce344a62adf-1769457451858.jpeg","width":1280,"height":720,"timestamp":300127.147,"frameSwapWallTime":47556.6169}
{"type":"screencast-frame","pageId":"page@828d61b95c5bf8102d793ce344a62adf","sha1":"page@828d61b95c5bf8102d793ce344a62adf-1769457452006.jpeg","width":1280,"height":720,"timestamp":300275.063,"frameSwapWallTime":47704.6953}
{"type":"screencast-frame","pageId":"page@828d61b95c5bf8102d793ce344a62adf","sha1":"page@828d61b95c5bf8102d793ce344a62adf-1769457452292.jpeg","width":1280,"height":720,"timestamp":300560.756,"frameSwapWallTime":47957.287899999996}
{"type":"screencast-frame","pageId":"page@828d61b95c5bf8102d793ce344a62adf","sha1":"page@828d61b95c5bf8102d793ce344a62adf-1769457452404.jpeg","width":1280,"height":720,"timestamp":300673.444,"frameSwapWallTime":48104.4985}
{"type":"screencast-frame","pageId":"page@828d61b95c5bf8102d793ce344a62adf","sha1":"page@828d61b95c5bf8102d793ce344a62adf-1769457452607.jpeg","width":1280,"height":720,"timestamp":300876.472,"frameSwapWallTime":48306.6167}
{"type":"screencast-frame","pageId":"page@828d61b95c5bf8102d793ce344a62adf","sha1":"page@828d61b95c5bf8102d793ce344a62adf-1769457452839.jpeg","width":1280,"height":720,"timestamp":301108.08,"frameSwapWallTime":48539.3042}
{"type":"screencast-frame","pageId":"page@828d61b95c5bf8102d793ce344a62adf","sha1":"page@828d61b95c5bf8102d793ce344a62adf-1769457453102.jpeg","width":1280,"height":720,"timestamp":301371.29,"frameSwapWallTime":48787.4984}
{"type":"screencast-frame","pageId":"page@828d61b95c5bf8102d793ce344a62adf","sha1":"page@828d61b95c5bf8102d793ce344a62adf-1769457453254.jpeg","width":1280,"height":720,"timestamp":301523.195,"frameSwapWallTime":48954.5366}
{"type":"screencast-frame","pageId":"page@828d61b95c5bf8102d793ce344a62adf","sha1":"page@828d61b95c5bf8102d793ce344a62adf-1769457453479.jpeg","width":1280,"height":720,"timestamp":301748.295,"frameSwapWallTime":49157.266}
{"type":"screencast-frame","pageId":"page@828d61b95c5bf8102d793ce344a62adf","sha1":"page@828d61b95c5bf8102d793ce344a62adf-1769457453705.jpeg","width":1280,"height":720,"timestamp":301973.784,"frameSwapWallTime":49405.3047}
{"type":"screencast-frame","pageId":"page@828d61b95c5bf8102d793ce344a62adf","sha1":"page@828d61b95c5bf8102d793ce344a62adf-1769457454015.jpeg","width":1280,"height":720,"timestamp":302284.31,"frameSwapWallTime":49713.4096}
{"type":"screencast-frame","pageId":"page@828d61b95c5bf8102d793ce344a62adf","sha1":"page@828d61b95c5bf8102d793ce344a62adf-1769457454255.jpeg","width":1280,"height":720,"timestamp":302523.636,"frameSwapWallTime":49952.913100000005}
{"type":"screencast-frame","pageId":"page@828d61b95c5bf8102d793ce344a62adf","sha1":"page@828d61b95c5bf8102d793ce344a62adf-1769457454371.jpeg","width":1280,"height":720,"timestamp":302640.069,"frameSwapWallTime":50069.8317}
{"type":"screencast-frame","pageId":"page@828d61b95c5bf8102d793ce344a62adf","sha1":"page@828d61b95c5bf8102d793ce344a62adf-1769457454537.jpeg","width":1280,"height":720,"timestamp":302805.918,"frameSwapWallTime":50236.578199999996}
{"type":"screencast-frame","pageId":"page@828d61b95c5bf8102d793ce344a62adf","sha1":"page@828d61b95c5bf8102d793ce344a62adf-1769457454703.jpeg","width":1280,"height":720,"timestamp":302972.313,"frameSwapWallTime":50403.38}
{"type":"screencast-frame","pageId":"page@828d61b95c5bf8102d793ce344a62adf","sha1":"page@828d61b95c5bf8102d793ce344a62adf-1769457455223.jpeg","width":1280,"height":720,"timestamp":303491.64,"frameSwapWallTime":50922.1781}
{"type":"screencast-frame","pageId":"page@828d61b95c5bf8102d793ce344a62adf","sha1":"page@828d61b95c5bf8102d793ce344a62adf-1769457455471.jpeg","width":1280,"height":720,"timestamp":303740.032,"frameSwapWallTime":51170.9115}
{"type":"screencast-frame","pageId":"page@828d61b95c5bf8102d793ce344a62adf","sha1":"page@828d61b95c5bf8102d793ce344a62adf-1769457455617.jpeg","width":1280,"height":720,"timestamp":303886.21,"frameSwapWallTime":51317.5807}
{"type":"screencast-frame","pageId":"page@828d61b95c5bf8102d793ce344a62adf","sha1":"page@828d61b95c5bf8102d793ce344a62adf-1769457455835.jpeg","width":1280,"height":720,"timestamp":304104.38,"frameSwapWallTime":51535.3871}
{"type":"screencast-frame","pageId":"page@828d61b95c5bf8102d793ce344a62adf","sha1":"page@828d61b95c5bf8102d793ce344a62adf-1769457456038.jpeg","width":1280,"height":720,"timestamp":304307.106,"frameSwapWallTime":51736.0064}
{"type":"screencast-frame","pageId":"page@828d61b95c5bf8102d793ce344a62adf","sha1":"page@828d61b95c5bf8102d793ce344a62adf-1769457456250.jpeg","width":1280,"height":720,"timestamp":304518.54,"frameSwapWallTime":51949.947700000004}
{"type":"screencast-frame","pageId":"page@828d61b95c5bf8102d793ce344a62adf","sha1":"page@828d61b95c5bf8102d793ce344a62adf-1769457456468.jpeg","width":1280,"height":720,"timestamp":304736.963,"frameSwapWallTime":52168.3566}
{"type":"screencast-frame","pageId":"page@828d61b95c5bf8102d793ce344a62adf","sha1":"page@828d61b95c5bf8102d793ce344a62adf-1769457456686.jpeg","width":1280,"height":720,"timestamp":304954.747,"frameSwapWallTime":52385.3571}
{"type":"screencast-frame","pageId":"page@828d61b95c5bf8102d793ce344a62adf","sha1":"page@828d61b95c5bf8102d793ce344a62adf-1769457456919.jpeg","width":1280,"height":720,"timestamp":305187.761,"frameSwapWallTime":52619.0486}
{"type":"screencast-frame","pageId":"page@828d61b95c5bf8102d793ce344a62adf","sha1":"page@828d61b95c5bf8102d793ce344a62adf-1769457457069.jpeg","width":1280,"height":720,"timestamp":305338.077,"frameSwapWallTime":52768.362}
{"type":"screencast-frame","pageId":"page@828d61b95c5bf8102d793ce344a62adf","sha1":"page@828d61b95c5bf8102d793ce344a62adf-1769457457286.jpeg","width":1280,"height":720,"timestamp":305554.579,"frameSwapWallTime":52984.5542}
{"type":"screencast-frame","pageId":"page@828d61b95c5bf8102d793ce344a62adf","sha1":"page@828d61b95c5bf8102d793ce344a62adf-1769457457485.jpeg","width":1280,"height":720,"timestamp":305754.219,"frameSwapWallTime":53185.149000000005}
{"type":"screencast-frame","pageId":"page@828d61b95c5bf8102d793ce344a62adf","sha1":"page@828d61b95c5bf8102d793ce344a62adf-1769457457706.jpeg","width":1280,"height":720,"timestamp":305974.999,"frameSwapWallTime":53404.682100000005}
{"type":"screencast-frame","pageId":"page@828d61b95c5bf8102d793ce344a62adf","sha1":"page@828d61b95c5bf8102d793ce344a62adf-1769457457939.jpeg","width":1280,"height":720,"timestamp":306208.103,"frameSwapWallTime":53639.521199999996}
{"type":"screencast-frame","pageId":"page@828d61b95c5bf8102d793ce344a62adf","sha1":"page@828d61b95c5bf8102d793ce344a62adf-1769457458124.jpeg","width":1280,"height":720,"timestamp":306393.337,"frameSwapWallTime":53823.9965}
{"type":"screencast-frame","pageId":"page@828d61b95c5bf8102d793ce344a62adf","sha1":"page@828d61b95c5bf8102d793ce344a62adf-1769457458457.jpeg","width":1280,"height":720,"timestamp":306725.704,"frameSwapWallTime":54156.377499999995}
{"type":"screencast-frame","pageId":"page@828d61b95c5bf8102d793ce344a62adf","sha1":"page@828d61b95c5bf8102d793ce344a62adf-1769457458692.jpeg","width":1280,"height":720,"timestamp":306961.461,"frameSwapWallTime":54392.186799999996}
{"type":"screencast-frame","pageId":"page@828d61b95c5bf8102d793ce344a62adf","sha1":"page@828d61b95c5bf8102d793ce344a62adf-1769457458923.jpeg","width":1280,"height":720,"timestamp":307192.061,"frameSwapWallTime":54623.3487}
{"type":"screencast-frame","pageId":"page@828d61b95c5bf8102d793ce344a62adf","sha1":"page@828d61b95c5bf8102d793ce344a62adf-1769457459104.jpeg","width":1280,"height":720,"timestamp":307372.972,"frameSwapWallTime":54803.781}
{"type":"screencast-frame","pageId":"page@828d61b95c5bf8102d793ce344a62adf","sha1":"page@828d61b95c5bf8102d793ce344a62adf-1769457459322.jpeg","width":1280,"height":720,"timestamp":307591.502,"frameSwapWallTime":55021.5341}
{"type":"screencast-frame","pageId":"page@828d61b95c5bf8102d793ce344a62adf","sha1":"page@828d61b95c5bf8102d793ce344a62adf-1769457459490.jpeg","width":1280,"height":720,"timestamp":307758.857,"frameSwapWallTime":55189.61}
{"type":"screencast-frame","pageId":"page@828d61b95c5bf8102d793ce344a62adf","sha1":"page@828d61b95c5bf8102d793ce344a62adf-1769457459691.jpeg","width":1280,"height":720,"timestamp":307960.348,"frameSwapWallTime":55391.8598}
{"type":"screencast-frame","pageId":"page@828d61b95c5bf8102d793ce344a62adf","sha1":"page@828d61b95c5bf8102d793ce344a62adf-1769457459907.jpeg","width":1280,"height":720,"timestamp":308175.892,"frameSwapWallTime":55606.5822}
{"type":"screencast-frame","pageId":"page@828d61b95c5bf8102d793ce344a62adf","sha1":"page@828d61b95c5bf8102d793ce344a62adf-1769457460124.jpeg","width":1280,"height":720,"timestamp":308392.95,"frameSwapWallTime":55824.0581}
{"type":"screencast-frame","pageId":"page@828d61b95c5bf8102d793ce344a62adf","sha1":"page@828d61b95c5bf8102d793ce344a62adf-1769457460356.jpeg","width":1280,"height":720,"timestamp":308624.823,"frameSwapWallTime":56055.7544}
{"type":"screencast-frame","pageId":"page@828d61b95c5bf8102d793ce344a62adf","sha1":"page@828d61b95c5bf8102d793ce344a62adf-1769457460591.jpeg","width":1280,"height":720,"timestamp":308859.588,"frameSwapWallTime":56290.3612}
{"type":"after","callId":"call@8","endTime":308878.308,"result":{"response":"<Response>"},"afterSnapshot":"after@call@8"}
{"type":"screencast-frame","pageId":"page@828d61b95c5bf8102d793ce344a62adf","sha1":"page@828d61b95c5bf8102d793ce344a62adf-1769457460688.jpeg","width":1280,"height":720,"timestamp":308956.868,"frameSwapWallTime":56388.0936}
{"type":"screencast-frame","pageId":"page@828d61b95c5bf8102d793ce344a62adf","sha1":"page@828d61b95c5bf8102d793ce344a62adf-1769457460774.jpeg","width":1280,"height":720,"timestamp":309043.131,"frameSwapWallTime":56474.612499999996}
{"type":"console","messageType":"warning","text":"You're attempting to animate multiple children within AnimatePresence, but its mode is set to \"wait\". This will lead to odd visual behaviour.","args":[{"preview":"You're attempting to animate multiple children within AnimatePresence, but its mode is set to \"wait\". This will lead to odd visual behaviour.","value":"You're attempting to animate multiple children within AnimatePresence, but its mode is set to \"wait\". This will lead to odd visual behaviour."}],"location":{"lineNumber":7914,"columnNumber":12,"url":"http://localhost:9000/@fs/D:/Nuxt%20Projects/new-portfolio/node_modules/.vite/deps/framer-motion.js?v=e9b1c4bf"},"time":309057.615,"pageId":"page@828d61b95c5bf8102d793ce344a62adf"}
{"type":"console","messageType":"warning","text":"You're attempting to animate multiple children within AnimatePresence, but its mode is set to \"wait\". This will lead to odd visual behaviour.","args":[{"preview":"You're attempting to animate multiple children within AnimatePresence, but its mode is set to \"wait\". This will lead to odd visual behaviour.","value":"You're attempting to animate multiple children within AnimatePresence, but its mode is set to \"wait\". This will lead to odd visual behaviour."}],"location":{"lineNumber":7914,"columnNumber":12,"url":"http://localhost:9000/@fs/D:/Nuxt%20Projects/new-portfolio/node_modules/.vite/deps/framer-motion.js?v=e9b1c4bf"},"time":309059.733,"pageId":"page@828d61b95c5bf8102d793ce344a62adf"}
{"type":"screencast-frame","pageId":"page@828d61b95c5bf8102d793ce344a62adf","sha1":"page@828d61b95c5bf8102d793ce344a62adf-1769457460855.jpeg","width":1280,"height":720,"timestamp":309124.244,"frameSwapWallTime":56555.3813}
{"type":"screencast-frame","pageId":"page@828d61b95c5bf8102d793ce344a62adf","sha1":"page@828d61b95c5bf8102d793ce344a62adf-1769457460923.jpeg","width":1280,"height":720,"timestamp":309192.502,"frameSwapWallTime":56623.2163}
{"type":"console","messageType":"warning","text":"You're attempting to animate multiple children within AnimatePresence, but its mode is set to \"wait\". This will lead to odd visual behaviour.","args":[{"preview":"You're attempting to animate multiple children within AnimatePresence, but its mode is set to \"wait\". This will lead to odd visual behaviour.","value":"You're attempting to animate multiple children within AnimatePresence, but its mode is set to \"wait\". This will lead to odd visual behaviour."}],"location":{"lineNumber":7914,"columnNumber":12,"url":"http://localhost:9000/@fs/D:/Nuxt%20Projects/new-portfolio/node_modules/.vite/deps/framer-motion.js?v=e9b1c4bf"},"time":309251.362,"pageId":"page@828d61b95c5bf8102d793ce344a62adf"}
{"type":"console","messageType":"warning","text":"You're attempting to animate multiple children within AnimatePresence, but its mode is set to \"wait\". This will lead to odd visual behaviour.","args":[{"preview":"You're attempting to animate multiple children within AnimatePresence, but its mode is set to \"wait\". This will lead to odd visual behaviour.","value":"You're attempting to animate multiple children within AnimatePresence, but its mode is set to \"wait\". This will lead to odd visual behaviour."}],"location":{"lineNumber":7914,"columnNumber":12,"url":"http://localhost:9000/@fs/D:/Nuxt%20Projects/new-portfolio/node_modules/.vite/deps/framer-motion.js?v=e9b1c4bf"},"time":309251.578,"pageId":"page@828d61b95c5bf8102d793ce344a62adf"}
{"type":"screencast-frame","pageId":"page@828d61b95c5bf8102d793ce344a62adf","sha1":"page@828d61b95c5bf8102d793ce344a62adf-1769457461004.jpeg","width":1280,"height":720,"timestamp":309273.348,"frameSwapWallTime":56704.223}
{"type":"screencast-frame","pageId":"page@828d61b95c5bf8102d793ce344a62adf","sha1":"page@828d61b95c5bf8102d793ce344a62adf-1769457461075.jpeg","width":1280,"height":720,"timestamp":309344.281,"frameSwapWallTime":56774.0134}
{"type":"console","messageType":"error","text":"The above error occurred in the <HelmetDispatcher> component:\n\nHelmetDispatcher@http://localhost:9000/@fs/D:/Nuxt%20Projects/new-portfolio/node_modules/.vite/deps/react-helmet-async.js?v=e9b1c4bf:773:24\nHelmet@http://localhost:9000/@fs/D:/Nuxt%20Projects/new-portfolio/node_modules/.vite/deps/react-helmet-async.js?v=e9b1c4bf:820:14\nProjects@http://localhost:9000/pages/Projects.tsx:12:28\nRenderedRoute@http://localhost:9000/@fs/D:/Nuxt%20Projects/new-portfolio/node_modules/.vite/deps/react-router-dom.js?v=e9b1c4bf:6281:23\nRoutes@http://localhost:9000/@fs/D:/Nuxt%20Projects/new-portfolio/node_modules/.vite/deps/react-router-dom.js?v=e9b1c4bf:7123:16\nSuspense\nRouter@http://localhost:9000/@fs/D:/Nuxt%20Projects/new-portfolio/node_modules/.vite/deps/react-router-dom.js?v=e9b1c4bf:7064:16\nBrowserRouter@http://localhost:9000/@fs/D:/Nuxt%20Projects/new-portfolio/node_modules/.vite/deps/react-router-dom.js?v=e9b1c4bf:10249:23\nApp@http://localhost:9000/App.tsx:31:5\n\nConsider adding an error boundary to your tree to customize error handling behavior.\nVisit https://reactjs.org/link/error-boundaries to learn more about error boundaries.","args":[{"preview":"The above error occurred in the <HelmetDispatcher> component:\n\nHelmetDispatcher@http://localhost:9000/@fs/D:/Nuxt%20Projects/new-portfolio/node_modules/.vite/deps/react-helmet-async.js?v=e9b1c4bf:773:24\nHelmet@http://localhost:9000/@fs/D:/Nuxt%20Projects/new-portfolio/node_modules/.vite/deps/react-helmet-async.js?v=e9b1c4bf:820:14\nProjects@http://localhost:9000/pages/Projects.tsx:12:28\nRenderedRoute@http://localhost:9000/@fs/D:/Nuxt%20Projects/new-portfolio/node_modules/.vite/deps/react-router-dom.js?v=e9b1c4bf:6281:23\nRoutes@http://localhost:9000/@fs/D:/Nuxt%20Projects/new-portfolio/node_modules/.vite/deps/react-router-dom.js?v=e9b1c4bf:7123:16\nSuspense\nRouter@http://localhost:9000/@fs/D:/Nuxt%20Projects/new-portfolio/node_modules/.vite/deps/react-router-dom.js?v=e9b1c4bf:7064:16\nBrowserRouter@http://localhost:9000/@fs/D:/Nuxt%20Projects/new-portfolio/node_modules/.vite/deps/react-router-dom.js?v=e9b1c4bf:10249:23\nApp@http://localhost:9000/App.tsx:31:5\n\nConsider adding an error boundary to your tree to customize error handling behavior.\nVisit https://reactjs.org/link/error-boundaries to learn more about error boundaries.","value":"The above error occurred in the <HelmetDispatcher> component:\n\nHelmetDispatcher@http://localhost:9000/@fs/D:/Nuxt%20Projects/new-portfolio/node_modules/.vite/deps/react-helmet-async.js?v=e9b1c4bf:773:24\nHelmet@http://localhost:9000/@fs/D:/Nuxt%20Projects/new-portfolio/node_modules/.vite/deps/react-helmet-async.js?v=e9b1c4bf:820:14\nProjects@http://localhost:9000/pages/Projects.tsx:12:28\nRenderedRoute@http://localhost:9000/@fs/D:/Nuxt%20Projects/new-portfolio/node_modules/.vite/deps/react-router-dom.js?v=e9b1c4bf:6281:23\nRoutes@http://localhost:9000/@fs/D:/Nuxt%20Projects/new-portfolio/node_modules/.vite/deps/react-router-dom.js?v=e9b1c4bf:7123:16\nSuspense\nRouter@http://localhost:9000/@fs/D:/Nuxt%20Projects/new-portfolio/node_modules/.vite/deps/react-router-dom.js?v=e9b1c4bf:7064:16\nBrowserRouter@http://localhost:9000/@fs/D:/Nuxt%20Projects/new-portfolio/node_modules/.vite/deps/react-router-dom.js?v=e9b1c4bf:10249:23\nApp@http://localhost:9000/App.tsx:31:5\n\nConsider adding an error boundary to your tree to customize error handling behavior.\nVisit https://reactjs.org/link/error-boundaries to learn more about error boundaries."}],"location":{"lineNumber":17715,"columnNumber":15,"url":"http://localhost:9000/@fs/D:/Nuxt%20Projects/new-portfolio/node_modules/.vite/deps/chunk-QYW5Z7WT.js?v=e9b1c4bf"},"time":309418.026,"pageId":"page@828d61b95c5bf8102d793ce344a62adf"}
{"type":"screencast-frame","pageId":"page@828d61b95c5bf8102d793ce344a62adf","sha1":"page@828d61b95c5bf8102d793ce344a62adf-1769457461200.jpeg","width":1280,"height":720,"timestamp":309468.819,"frameSwapWallTime":56855.9888}
{"type":"frame-snapshot","snapshot":{"callId":"call@8","snapshotName":"after@call@8","pageId":"page@828d61b95c5bf8102d793ce344a62adf","frameId":"frame@d31306cf6781552832aac3c8e4ea09ec","frameUrl":"http://localhost:9000/projects","doctype":"html","html":["HTML",{"lang":"en"},["HEAD",{},["BASE",{"href":"http://localhost:9000/projects"}],"\n  ","\n\n  ","\n\n  ",["META",{"charset":"utf-8"}],"\n  ",["LINK",{"rel":"icon","type":"image/svg+xml","href":"/logo.jpg"}],"\n  ",["META",{"name":"viewport","content":"width=device-width, initial-scale=1.0"}],"\n\n  ","\n  ",["TITLE",{},"\n    Themistoklis Baltzakis - Cloud Architect & Cybersecurity Specialist\n  "],"\n  ",["META",{"name":"title","content":"Themistoklis Baltzakis - Cloud Architect & Cybersecurity Specialist"}],"\n  ",["META",{"name":"description","content":"Technical Leadership and Cloud Innovation with 15+ years of IT expertise, specializing in Azure AD, Microsoft 365, and multi-cloud environments."}],"\n  ",["META",{"name":"keywords","content":"Themistoklis Baltzakis, Cloud Architect, Cybersecurity, Azure AD, Microsoft 365, IT Leadership"}],"\n  ",["META",{"name":"author","content":"Themistoklis Baltzakis"}],"\n  ",["META",{"name":"robots","content":"index, follow"}],"\n  ",["META",{"name":"language","content":"English"}],"\n\n  ","\n  ",["META",{"name":"theme-color","content":"#1e293b"}],"\n  ",["META",{"name":"color-scheme","content":"light dark"}],"\n\n  ","\n  ",["META",{"http-equiv":"X-Content-Type-Options","content":"nosniff"}],"\n  ",["META",{"http-equiv":"X-XSS-Protection","content":"1; mode=block"}],"\n  ",["META",{"http-equiv":"Referrer-Policy","content":"strict-origin-when-cross-origin"}],"\n\n  ","\n  ",["META",{"name":"mobile-web-app-capable","content":"yes"}],"\n  ",["META",{"name":"apple-mobile-web-app-capable","content":"yes"}],"\n  ",["META",{"name":"apple-mobile-web-app-status-bar-style","content":"black-translucent"}],"\n  ",["META",{"name":"apple-mobile-web-app-title","content":"Fusion Starter"}],"\n  ",["META",{"name":"application-name","content":"Fusion Starter"}],"\n\n  ","\n  ",["META",{"name":"msapplication-tap-highlight","content":"no"}],"\n  ",["META",{"name":"format-detection","content":"telephone=no"}],"\n\n  ","\n  ",["META",{"property":"og:type","content":"website"}],"\n  ",["META",{"property":"og:url","content":"https://www.baltzakisthemis.com/"}],"\n  ",["META",{"property":"og:title","content":"Themistoklis Baltzakis - Cloud Architect & Cybersecurity Specialist"}],"\n  ",["META",{"property":"og:description","content":"Technical Leadership and Cloud Innovation with 15+ years of IT expertise, specializing in Azure AD, Microsoft 365, and multi-cloud environments."}],"\n  ",["META",{"property":"og:image","content":"https://www.baltzakisthemis.com/logo.jpg"}],"\n  ",["META",{"property":"og:site_name","content":"Themistoklis Baltzakis"}],"\n  ",["META",{"property":"og:locale","content":"en_US"}],"\n\n  ","\n  ",["META",{"property":"twitter:card","content":"summary_large_image"}],"\n  ",["META",{"property":"twitter:url","content":"https://www.baltzakisthemis.com/"}],"\n  ",["META",{"property":"twitter:title","content":"Themistoklis Baltzakis - Cloud Architect & Cybersecurity Specialist"}],"\n  ",["META",{"property":"twitter:description","content":"Technical Leadership and Cloud Innovation with 15+ years of IT expertise, specializing in Azure AD, Microsoft 365, and multi-cloud environments."}],"\n  ",["META",{"property":"twitter:image","content":"https://www.baltzakisthemis.com/logo.jpg"}],"\n\n  ","\n  ",["LINK",{"rel":"preconnect","href":"https://fonts.googleapis.com"}],"\n  ",["LINK",{"rel":"preconnect","href":"https://fonts.gstatic.com","crossorigin":""}],"\n\n  ","\n  ",["LINK",{"rel":"dns-prefetch","href":"//www.google-analytics.com"}],"\n  ",["LINK",{"rel":"dns-prefetch","href":"//www.googletagmanager.com"}],"\n\n  ","\n  ",["LINK",{"rel":"modulepreload","href":"/main.tsx"}],"\n  ","\n\n  ","\n  ",["LINK",{"rel":"canonical","href":"https://www.baltzakisthemis.com/"}],"\n  ","\n  ",["LINK",{"rel":"manifest","href":"/manifest.webmanifest"}],"\n",["STYLE",{},"\n@import url(\"https://fonts.googleapis.com/css2?family=Inter:wght@400;600;700;800&display=swap\");\n@import url(\"https://fonts.googleapis.com/css2?family=Fira+Code:wght@400;500;700&display=swap\");\n/** @import must precede all other statements */\n*, ::before, ::after{\n  --tw-border-spacing-x: 0;\n  --tw-border-spacing-y: 0;\n  --tw-translate-x: 0;\n  --tw-translate-y: 0;\n  --tw-rotate: 0;\n  --tw-skew-x: 0;\n  --tw-skew-y: 0;\n  --tw-scale-x: 1;\n  --tw-scale-y: 1;\n  --tw-pan-x:  ;\n  --tw-pan-y:  ;\n  --tw-pinch-zoom:  ;\n  --tw-scroll-snap-strictness: proximity;\n  --tw-gradient-from-position:  ;\n  --tw-gradient-via-position:  ;\n  --tw-gradient-to-position:  ;\n  --tw-ordinal:  ;\n  --tw-slashed-zero:  ;\n  --tw-numeric-figure:  ;\n  --tw-numeric-spacing:  ;\n  --tw-numeric-fraction:  ;\n  --tw-ring-inset:  ;\n  --tw-ring-offset-width: 0px;\n  --tw-ring-offset-color: #fff;\n  --tw-ring-color: rgb(59 130 246 / 0.5);\n  --tw-ring-offset-shadow: 0 0 #0000;\n  --tw-ring-shadow: 0 0 #0000;\n  --tw-shadow: 0 0 #0000;\n  --tw-shadow-colored: 0 0 #0000;\n  --tw-blur:  ;\n  --tw-brightness:  ;\n  --tw-contrast:  ;\n  --tw-grayscale:  ;\n  --tw-hue-rotate:  ;\n  --tw-invert:  ;\n  --tw-saturate:  ;\n  --tw-sepia:  ;\n  --tw-drop-shadow:  ;\n  --tw-backdrop-blur:  ;\n  --tw-backdrop-brightness:  ;\n  --tw-backdrop-contrast:  ;\n  --tw-backdrop-grayscale:  ;\n  --tw-backdrop-hue-rotate:  ;\n  --tw-backdrop-invert:  ;\n  --tw-backdrop-opacity:  ;\n  --tw-backdrop-saturate:  ;\n  --tw-backdrop-sepia:  ;\n  --tw-contain-size:  ;\n  --tw-contain-layout:  ;\n  --tw-contain-paint:  ;\n  --tw-contain-style:  ;\n}\n::backdrop{\n  --tw-border-spacing-x: 0;\n  --tw-border-spacing-y: 0;\n  --tw-translate-x: 0;\n  --tw-translate-y: 0;\n  --tw-rotate: 0;\n  --tw-skew-x: 0;\n  --tw-skew-y: 0;\n  --tw-scale-x: 1;\n  --tw-scale-y: 1;\n  --tw-pan-x:  ;\n  --tw-pan-y:  ;\n  --tw-pinch-zoom:  ;\n  --tw-scroll-snap-strictness: proximity;\n  --tw-gradient-from-position:  ;\n  --tw-gradient-via-position:  ;\n  --tw-gradient-to-position:  ;\n  --tw-ordinal:  ;\n  --tw-slashed-zero:  ;\n  --tw-numeric-figure:  ;\n  --tw-numeric-spacing:  ;\n  --tw-numeric-fraction:  ;\n  --tw-ring-inset:  ;\n  --tw-ring-offset-width: 0px;\n  --tw-ring-offset-color: #fff;\n  --tw-ring-color: rgb(59 130 246 / 0.5);\n  --tw-ring-offset-shadow: 0 0 #0000;\n  --tw-ring-shadow: 0 0 #0000;\n  --tw-shadow: 0 0 #0000;\n  --tw-shadow-colored: 0 0 #0000;\n  --tw-blur:  ;\n  --tw-brightness:  ;\n  --tw-contrast:  ;\n  --tw-grayscale:  ;\n  --tw-hue-rotate:  ;\n  --tw-invert:  ;\n  --tw-saturate:  ;\n  --tw-sepia:  ;\n  --tw-drop-shadow:  ;\n  --tw-backdrop-blur:  ;\n  --tw-backdrop-brightness:  ;\n  --tw-backdrop-contrast:  ;\n  --tw-backdrop-grayscale:  ;\n  --tw-backdrop-hue-rotate:  ;\n  --tw-backdrop-invert:  ;\n  --tw-backdrop-opacity:  ;\n  --tw-backdrop-saturate:  ;\n  --tw-backdrop-sepia:  ;\n  --tw-contain-size:  ;\n  --tw-contain-layout:  ;\n  --tw-contain-paint:  ;\n  --tw-contain-style:  ;\n}\n/*! tailwindcss v3.4.19 | MIT License | https://tailwindcss.com */\n/*\n1. Prevent padding and border from affecting element width. (https://github.com/mozdevs/cssremedy/issues/4)\n2. Allow adding a border to an element by just adding a border-width. (https://github.com/tailwindcss/tailwindcss/pull/116)\n*/\n*,\n::before,\n::after {\n  box-sizing: border-box; /* 1 */\n  border-width: 0; /* 2 */\n  border-style: solid; /* 2 */\n  border-color: #e5e7eb; /* 2 */\n}\n::before,\n::after {\n  --tw-content: '';\n}\n/*\n1. Use a consistent sensible line-height in all browsers.\n2. Prevent adjustments of font size after orientation changes in iOS.\n3. Use a more readable tab size.\n4. Use the user's configured `sans` font-family by default.\n5. Use the user's configured `sans` font-feature-settings by default.\n6. Use the user's configured `sans` font-variation-settings by default.\n7. Disable tap highlights on iOS\n*/\nhtml,\n:host {\n  line-height: 1.5; /* 1 */\n  -webkit-text-size-adjust: 100%; /* 2 */\n  -moz-tab-size: 4; /* 3 */\n  -o-tab-size: 4;\n     tab-size: 4; /* 3 */\n  font-family: 'Inter', system-ui, sans-serif; /* 4 */\n  font-feature-settings: normal; /* 5 */\n  font-variation-settings: normal; /* 6 */\n  -webkit-tap-highlight-color: transparent; /* 7 */\n}\n/*\n1. Remove the margin in all browsers.\n2. Inherit line-height from `html` so users can set them as a class directly on the `html` element.\n*/\nbody {\n  margin: 0; /* 1 */\n  line-height: inherit; /* 2 */\n}\n/*\n1. Add the correct height in Firefox.\n2. Correct the inheritance of border color in Firefox. (https://bugzilla.mozilla.org/show_bug.cgi?id=190655)\n3. Ensure horizontal rules are visible by default.\n*/\nhr {\n  height: 0; /* 1 */\n  color: inherit; /* 2 */\n  border-top-width: 1px; /* 3 */\n}\n/*\nAdd the correct text decoration in Chrome, Edge, and Safari.\n*/\nabbr:where([title]) {\n  -webkit-text-decoration: underline dotted;\n          text-decoration: underline dotted;\n}\n/*\nRemove the default font size and weight for headings.\n*/\nh1,\nh2,\nh3,\nh4,\nh5,\nh6 {\n  font-size: inherit;\n  font-weight: inherit;\n}\n/*\nReset links to optimize for opt-in styling instead of opt-out.\n*/\na {\n  color: inherit;\n  text-decoration: inherit;\n}\n/*\nAdd the correct font weight in Edge and Safari.\n*/\nb,\nstrong {\n  font-weight: bolder;\n}\n/*\n1. Use the user's configured `mono` font-family by default.\n2. Use the user's configured `mono` font-feature-settings by default.\n3. Use the user's configured `mono` font-variation-settings by default.\n4. Correct the odd `em` font sizing in all browsers.\n*/\ncode,\nkbd,\nsamp,\npre {\n  font-family: 'Fira Code', 'Consolas', 'Monaco', monospace; /* 1 */\n  font-feature-settings: normal; /* 2 */\n  font-variation-settings: normal; /* 3 */\n  font-size: 1em; /* 4 */\n}\n/*\nAdd the correct font size in all browsers.\n*/\nsmall {\n  font-size: 80%;\n}\n/*\nPrevent `sub` and `sup` elements from affecting the line height in all browsers.\n*/\nsub,\nsup {\n  font-size: 75%;\n  line-height: 0;\n  position: relative;\n  vertical-align: baseline;\n}\nsub {\n  bottom: -0.25em;\n}\nsup {\n  top: -0.5em;\n}\n/*\n1. Remove text indentation from table contents in Chrome and Safari. (https://bugs.chromium.org/p/chromium/issues/detail?id=999088, https://bugs.webkit.org/show_bug.cgi?id=201297)\n2. Correct table border color inheritance in all Chrome and Safari. (https://bugs.chromium.org/p/chromium/issues/detail?id=935729, https://bugs.webkit.org/show_bug.cgi?id=195016)\n3. Remove gaps between table borders by default.\n*/\ntable {\n  text-indent: 0; /* 1 */\n  border-color: inherit; /* 2 */\n  border-collapse: collapse; /* 3 */\n}\n/*\n1. Change the font styles in all browsers.\n2. Remove the margin in Firefox and Safari.\n3. Remove default padding in all browsers.\n*/\nbutton,\ninput,\noptgroup,\nselect,\ntextarea {\n  font-family: inherit; /* 1 */\n  font-feature-settings: inherit; /* 1 */\n  font-variation-settings: inherit; /* 1 */\n  font-size: 100%; /* 1 */\n  font-weight: inherit; /* 1 */\n  line-height: inherit; /* 1 */\n  letter-spacing: inherit; /* 1 */\n  color: inherit; /* 1 */\n  margin: 0; /* 2 */\n  padding: 0; /* 3 */\n}\n/*\nRemove the inheritance of text transform in Edge and Firefox.\n*/\nbutton,\nselect {\n  text-transform: none;\n}\n/*\n1. Correct the inability to style clickable types in iOS and Safari.\n2. Remove default button styles.\n*/\nbutton,\ninput:where([type='button']),\ninput:where([type='reset']),\ninput:where([type='submit']) {\n  -webkit-appearance: button; /* 1 */\n  background-color: transparent; /* 2 */\n  background-image: none; /* 2 */\n}\n/*\nUse the modern Firefox focus style for all focusable elements.\n*/\n:-moz-focusring {\n  outline: auto;\n}\n/*\nRemove the additional `:invalid` styles in Firefox. (https://github.com/mozilla/gecko-dev/blob/2f9eacd9d3d995c937b4251a5557d95d494c9be1/layout/style/res/forms.css#L728-L737)\n*/\n:-moz-ui-invalid {\n  box-shadow: none;\n}\n/*\nAdd the correct vertical alignment in Chrome and Firefox.\n*/\nprogress {\n  vertical-align: baseline;\n}\n/*\nCorrect the cursor style of increment and decrement buttons in Safari.\n*/\n::-webkit-inner-spin-button,\n::-webkit-outer-spin-button {\n  height: auto;\n}\n/*\n1. Correct the odd appearance in Chrome and Safari.\n2. Correct the outline style in Safari.\n*/\n[type='search'] {\n  -webkit-appearance: textfield; /* 1 */\n  outline-offset: -2px; /* 2 */\n}\n/*\nRemove the inner padding in Chrome and Safari on macOS.\n*/\n::-webkit-search-decoration {\n  -webkit-appearance: none;\n}\n/*\n1. Correct the inability to style clickable types in iOS and Safari.\n2. Change font properties to `inherit` in Safari.\n*/\n::-webkit-file-upload-button {\n  -webkit-appearance: button; /* 1 */\n  font: inherit; /* 2 */\n}\n/*\nAdd the correct display in Chrome and Safari.\n*/\nsummary {\n  display: list-item;\n}\n/*\nRemoves the default spacing and border for appropriate elements.\n*/\nblockquote,\ndl,\ndd,\nh1,\nh2,\nh3,\nh4,\nh5,\nh6,\nhr,\nfigure,\np,\npre {\n  margin: 0;\n}\nfieldset {\n  margin: 0;\n  padding: 0;\n}\nlegend {\n  padding: 0;\n}\nol,\nul,\nmenu {\n  list-style: none;\n  margin: 0;\n  padding: 0;\n}\n/*\nReset default styling for dialogs.\n*/\ndialog {\n  padding: 0;\n}\n/*\nPrevent resizing textareas horizontally by default.\n*/\ntextarea {\n  resize: vertical;\n}\n/*\n1. Reset the default placeholder opacity in Firefox. (https://github.com/tailwindlabs/tailwindcss/issues/3300)\n2. Set the default placeholder color to the user's configured gray 400 color.\n*/\ninput::-moz-placeholder, textarea::-moz-placeholder {\n  opacity: 1; /* 1 */\n  color: #9ca3af; /* 2 */\n}\ninput::placeholder,\ntextarea::placeholder {\n  opacity: 1; /* 1 */\n  color: #9ca3af; /* 2 */\n}\n/*\nSet the default cursor for buttons.\n*/\nbutton,\n[role=\"button\"] {\n  cursor: pointer;\n}\n/*\nMake sure disabled buttons don't get the pointer cursor.\n*/\n:disabled {\n  cursor: default;\n}\n/*\n1. Make replaced elements `display: block` by default. (https://github.com/mozdevs/cssremedy/issues/14)\n2. Add `vertical-align: middle` to align replaced elements more sensibly by default. (https://github.com/jensimmons/cssremedy/issues/14#issuecomment-634934210)\n   This can trigger a poorly considered lint error in some tools but is included by design.\n*/\nimg,\nsvg,\nvideo,\ncanvas,\naudio,\niframe,\nembed,\nobject {\n  display: block; /* 1 */\n  vertical-align: middle; /* 2 */\n}\n/*\nConstrain images and videos to the parent width and preserve their intrinsic aspect ratio. (https://github.com/mozdevs/cssremedy/issues/14)\n*/\nimg,\nvideo {\n  max-width: 100%;\n  height: auto;\n}\n/* Make elements with the HTML hidden attribute stay hidden by default */\n[hidden]:where(:not([hidden=\"until-found\"])) {\n  display: none;\n}\n/**\n   * Global font application\n   */\nhtml {\n    font-family: 'Inter', system-ui, -apple-system, sans-serif;\n  }\n/**\n   * Tailwind CSS theme\n   * tailwind.config.ts expects the following color variables to be expressed as HSL values.\n   * A different format will require also updating the theme in tailwind.config.ts.\n   */\n/* Dark theme (default) */\n:root {\n    --background: 222.2 84% 4.9%;\n    --foreground: 210 40% 98%;\n\n    --card: 222.2 84% 4.9%;\n    --card-foreground: 210 40% 98%;\n\n    --popover: 222.2 84% 4.9%;\n    --popover-foreground: 210 40% 98%;\n\n    --primary: 210 40% 98%;\n    --primary-foreground: 222.2 47.4% 11.2%;\n\n    --secondary: 217.2 32.6% 17.5%;\n    --secondary-foreground: 210 40% 98%;\n\n    --muted: 217.2 32.6% 17.5%;\n    --muted-foreground: 215 20.2% 65.1%;\n\n    --accent: 217.2 32.6% 17.5%;\n    --accent-foreground: 210 40% 98%;\n\n    --destructive: 0 62.8% 30.6%;\n    --destructive-foreground: 210 40% 98%;\n\n    --border: 217.2 32.6% 17.5%;\n    --input: 217.2 32.6% 17.5%;\n    --ring: 212.7 26.8% 83.9%;\n\n    --radius: 0.5rem;\n\n    --sidebar-background: 240 5.9% 10%;\n    --sidebar-foreground: 240 4.8% 95.9%;\n    --sidebar-primary: 224.3 76.3% 48%;\n    --sidebar-primary-foreground: 0 0% 100%;\n    --sidebar-accent: 240 3.7% 15.9%;\n    --sidebar-accent-foreground: 240 4.8% 95.9%;\n    --sidebar-border: 240 3.7% 15.9%;\n    --sidebar-ring: 217.2 91.2% 59.8%;\n  }\n/* Light theme */\n.light {\n    --background: 0 0% 100%;\n    --foreground: 222.2 84% 4.9%;\n\n    --card: 0 0% 100%;\n    --card-foreground: 222.2 84% 4.9%;\n\n    --popover: 0 0% 100%;\n    --popover-foreground: 222.2 84% 4.9%;\n\n    --primary: 222.2 47.4% 11.2%;\n    --primary-foreground: 210 40% 98%;\n\n    --secondary: 210 40% 96%;\n    --secondary-foreground: 222.2 84% 4.9%;\n\n    --muted: 210 40% 96%;\n    --muted-foreground: 215.4 16.3% 46.9%;\n\n    --accent: 210 40% 96%;\n    --accent-foreground: 222.2 84% 4.9%;\n\n    --destructive: 0 84.2% 60.2%;\n    --destructive-foreground: 210 40% 98%;\n\n    --border: 214.3 31.8% 91.4%;\n    --input: 214.3 31.8% 91.4%;\n    --ring: 222.2 84% 4.9%;\n\n    --sidebar-background: 0 0% 98%;\n    --sidebar-foreground: 240 5.9% 10%;\n    --sidebar-primary: 240 5.9% 10%;\n    --sidebar-primary-foreground: 0 0% 98%;\n    --sidebar-accent: 240 4.8% 95.9%;\n    --sidebar-accent-foreground: 240 5.9% 10%;\n    --sidebar-border: 220 13% 91%;\n    --sidebar-ring: 217.2 91.2% 59.8%;\n  }\n/* Legacy dark theme support */\n.dark {\n    --background: 222.2 84% 4.9%;\n    --foreground: 210 40% 98%;\n\n    --card: 222.2 84% 4.9%;\n    --card-foreground: 210 40% 98%;\n\n    --popover: 222.2 84% 4.9%;\n    --popover-foreground: 210 40% 98%;\n\n    --primary: 210 40% 98%;\n    --primary-foreground: 222.2 47.4% 11.2%;\n\n    --secondary: 217.2 32.6% 17.5%;\n    --secondary-foreground: 210 40% 98%;\n\n    --muted: 217.2 32.6% 17.5%;\n    --muted-foreground: 215 20.2% 65.1%;\n\n    --accent: 217.2 32.6% 17.5%;\n    --accent-foreground: 210 40% 98%;\n\n    --destructive: 0 62.8% 30.6%;\n    --destructive-foreground: 210 40% 98%;\n\n    --border: 217.2 32.6% 17.5%;\n    --input: 217.2 32.6% 17.5%;\n    --ring: 212.7 26.8% 83.9%;\n    --sidebar-background: 240 5.9% 10%;\n    --sidebar-foreground: 240 4.8% 95.9%;\n    --sidebar-primary: 224.3 76.3% 48%;\n    --sidebar-primary-foreground: 0 0% 100%;\n    --sidebar-accent: 240 3.7% 15.9%;\n    --sidebar-accent-foreground: 240 4.8% 95.9%;\n    --sidebar-border: 240 3.7% 15.9%;\n    --sidebar-ring: 217.2 91.2% 59.8%;\n  }\n.container{\n  width: 100%;\n  margin-right: auto;\n  margin-left: auto;\n  padding-right: 2rem;\n  padding-left: 2rem;\n}\n@media (min-width: 1400px){\n  .container{\n    max-width: 1400px;\n  }\n}\n.sr-only{\n  position: absolute;\n  width: 1px;\n  height: 1px;\n  padding: 0;\n  margin: -1px;\n  overflow: hidden;\n  clip: rect(0, 0, 0, 0);\n  white-space: nowrap;\n  border-width: 0;\n}\n.pointer-events-none{\n  pointer-events: none;\n}\n.pointer-events-auto{\n  pointer-events: auto;\n}\n.visible{\n  visibility: visible;\n}\n.invisible{\n  visibility: hidden;\n}\n.static{\n  position: static;\n}\n.fixed{\n  position: fixed;\n}\n.absolute{\n  position: absolute;\n}\n.relative{\n  position: relative;\n}\n.inset-0{\n  inset: 0px;\n}\n.inset-x-0{\n  left: 0px;\n  right: 0px;\n}\n.inset-y-0{\n  top: 0px;\n  bottom: 0px;\n}\n.-bottom-12{\n  bottom: -3rem;\n}\n.-left-12{\n  left: -3rem;\n}\n.-right-12{\n  right: -3rem;\n}\n.-top-12{\n  top: -3rem;\n}\n.bottom-0{\n  bottom: 0px;\n}\n.bottom-24{\n  bottom: 6rem;\n}\n.bottom-4{\n  bottom: 1rem;\n}\n.bottom-6{\n  bottom: 1.5rem;\n}\n.left-0{\n  left: 0px;\n}\n.left-1{\n  left: 0.25rem;\n}\n.left-1\\/2{\n  left: 50%;\n}\n.left-2{\n  left: 0.5rem;\n}\n.left-3{\n  left: 0.75rem;\n}\n.left-4{\n  left: 1rem;\n}\n.left-6{\n  left: 1.5rem;\n}\n.left-\\[50\\%\\]{\n  left: 50%;\n}\n.right-0{\n  right: 0px;\n}\n.right-1{\n  right: 0.25rem;\n}\n.right-2{\n  right: 0.5rem;\n}\n.right-3{\n  right: 0.75rem;\n}\n.right-4{\n  right: 1rem;\n}\n.right-6{\n  right: 1.5rem;\n}\n.top-0{\n  top: 0px;\n}\n.top-1\\.5{\n  top: 0.375rem;\n}\n.top-1\\/2{\n  top: 50%;\n}\n.top-2{\n  top: 0.5rem;\n}\n.top-3{\n  top: 0.75rem;\n}\n.top-3\\.5{\n  top: 0.875rem;\n}\n.top-4{\n  top: 1rem;\n}\n.top-6{\n  top: 1.5rem;\n}\n.top-\\[1px\\]{\n  top: 1px;\n}\n.top-\\[50\\%\\]{\n  top: 50%;\n}\n.top-\\[60\\%\\]{\n  top: 60%;\n}\n.top-full{\n  top: 100%;\n}\n.z-10{\n  z-index: 10;\n}\n.z-20{\n  z-index: 20;\n}\n.z-40{\n  z-index: 40;\n}\n.z-50{\n  z-index: 50;\n}\n.z-\\[100\\]{\n  z-index: 100;\n}\n.z-\\[1\\]{\n  z-index: 1;\n}\n.-mx-1{\n  margin-left: -0.25rem;\n  margin-right: -0.25rem;\n}\n.mx-2{\n  margin-left: 0.5rem;\n  margin-right: 0.5rem;\n}\n.mx-3\\.5{\n  margin-left: 0.875rem;\n  margin-right: 0.875rem;\n}\n.mx-auto{\n  margin-left: auto;\n  margin-right: auto;\n}\n.my-0\\.5{\n  margin-top: 0.125rem;\n  margin-bottom: 0.125rem;\n}\n.my-1{\n  margin-top: 0.25rem;\n  margin-bottom: 0.25rem;\n}\n.-ml-4{\n  margin-left: -1rem;\n}\n.-mt-4{\n  margin-top: -1rem;\n}\n.mb-1{\n  margin-bottom: 0.25rem;\n}\n.mb-12{\n  margin-bottom: 3rem;\n}\n.mb-16{\n  margin-bottom: 4rem;\n}\n.mb-2{\n  margin-bottom: 0.5rem;\n}\n.mb-20{\n  margin-bottom: 5rem;\n}\n.mb-3{\n  margin-bottom: 0.75rem;\n}\n.mb-4{\n  margin-bottom: 1rem;\n}\n.mb-6{\n  margin-bottom: 1.5rem;\n}\n.mb-8{\n  margin-bottom: 2rem;\n}\n.ml-1{\n  margin-left: 0.25rem;\n}\n.ml-4{\n  margin-left: 1rem;\n}\n.ml-auto{\n  margin-left: auto;\n}\n.mr-1{\n  margin-right: 0.25rem;\n}\n.mr-2{\n  margin-right: 0.5rem;\n}\n.mt-0\\.5{\n  margin-top: 0.125rem;\n}\n.mt-1{\n  margin-top: 0.25rem;\n}\n.mt-1\\.5{\n  margin-top: 0.375rem;\n}\n.mt-12{\n  margin-top: 3rem;\n}\n.mt-16{\n  margin-top: 4rem;\n}\n.mt-2{\n  margin-top: 0.5rem;\n}\n.mt-24{\n  margin-top: 6rem;\n}\n.mt-3{\n  margin-top: 0.75rem;\n}\n.mt-4{\n  margin-top: 1rem;\n}\n.mt-6{\n  margin-top: 1.5rem;\n}\n.mt-8{\n  margin-top: 2rem;\n}\n.mt-auto{\n  margin-top: auto;\n}\n.line-clamp-2{\n  overflow: hidden;\n  display: -webkit-box;\n  -webkit-box-orient: vertical;\n  -webkit-line-clamp: 2;\n}\n.line-clamp-3{\n  overflow: hidden;\n  display: -webkit-box;\n  -webkit-box-orient: vertical;\n  -webkit-line-clamp: 3;\n}\n.block{\n  display: block;\n}\n.inline-block{\n  display: inline-block;\n}\n.inline{\n  display: inline;\n}\n.flex{\n  display: flex;\n}\n.inline-flex{\n  display: inline-flex;\n}\n.table{\n  display: table;\n}\n.grid{\n  display: grid;\n}\n.hidden{\n  display: none;\n}\n.aspect-square{\n  aspect-ratio: 1 / 1;\n}\n.aspect-video{\n  aspect-ratio: 16 / 9;\n}\n.size-4{\n  width: 1rem;\n  height: 1rem;\n}\n.h-1{\n  height: 0.25rem;\n}\n.h-1\\.5{\n  height: 0.375rem;\n}\n.h-1\\/2{\n  height: 50%;\n}\n.h-10{\n  height: 2.5rem;\n}\n.h-11{\n  height: 2.75rem;\n}\n.h-12{\n  height: 3rem;\n}\n.h-14{\n  height: 3.5rem;\n}\n.h-16{\n  height: 4rem;\n}\n.h-2{\n  height: 0.5rem;\n}\n.h-2\\.5{\n  height: 0.625rem;\n}\n.h-20{\n  height: 5rem;\n}\n.h-3{\n  height: 0.75rem;\n}\n.h-3\\.5{\n  height: 0.875rem;\n}\n.h-32{\n  height: 8rem;\n}\n.h-4{\n  height: 1rem;\n}\n.h-5{\n  height: 1.25rem;\n}\n.h-6{\n  height: 1.5rem;\n}\n.h-64{\n  height: 16rem;\n}\n.h-7{\n  height: 1.75rem;\n}\n.h-8{\n  height: 2rem;\n}\n.h-9{\n  height: 2.25rem;\n}\n.h-96{\n  height: 24rem;\n}\n.h-\\[1\\.2rem\\]{\n  height: 1.2rem;\n}\n.h-\\[1px\\]{\n  height: 1px;\n}\n.h-\\[var\\(--radix-navigation-menu-viewport-height\\)\\]{\n  height: var(--radix-navigation-menu-viewport-height);\n}\n.h-\\[var\\(--radix-select-trigger-height\\)\\]{\n  height: var(--radix-select-trigger-height);\n}\n.h-auto{\n  height: auto;\n}\n.h-full{\n  height: 100%;\n}\n.h-px{\n  height: 1px;\n}\n.h-svh{\n  height: 100svh;\n}\n.max-h-0{\n  max-height: 0px;\n}\n.max-h-32{\n  max-height: 8rem;\n}\n.max-h-40{\n  max-height: 10rem;\n}\n.max-h-96{\n  max-height: 24rem;\n}\n.max-h-\\[300px\\]{\n  max-height: 300px;\n}\n.max-h-\\[600px\\]{\n  max-height: 600px;\n}\n.max-h-screen{\n  max-height: 100vh;\n}\n.min-h-0{\n  min-height: 0px;\n}\n.min-h-\\[100px\\]{\n  min-height: 100px;\n}\n.min-h-\\[120px\\]{\n  min-height: 120px;\n}\n.min-h-\\[200px\\]{\n  min-height: 200px;\n}\n.min-h-\\[44px\\]{\n  min-height: 44px;\n}\n.min-h-\\[80px\\]{\n  min-height: 80px;\n}\n.min-h-\\[80vh\\]{\n  min-height: 80vh;\n}\n.min-h-screen{\n  min-height: 100vh;\n}\n.min-h-svh{\n  min-height: 100svh;\n}\n.w-0{\n  width: 0px;\n}\n.w-1{\n  width: 0.25rem;\n}\n.w-1\\/2{\n  width: 50%;\n}\n.w-10{\n  width: 2.5rem;\n}\n.w-11{\n  width: 2.75rem;\n}\n.w-12{\n  width: 3rem;\n}\n.w-14{\n  width: 3.5rem;\n}\n.w-16{\n  width: 4rem;\n}\n.w-2{\n  width: 0.5rem;\n}\n.w-2\\.5{\n  width: 0.625rem;\n}\n.w-2\\/3{\n  width: 66.666667%;\n}\n.w-20{\n  width: 5rem;\n}\n.w-24{\n  width: 6rem;\n}\n.w-3{\n  width: 0.75rem;\n}\n.w-3\\.5{\n  width: 0.875rem;\n}\n.w-3\\/4{\n  width: 75%;\n}\n.w-4{\n  width: 1rem;\n}\n.w-40{\n  width: 10rem;\n}\n.w-5{\n  width: 1.25rem;\n}\n.w-6{\n  width: 1.5rem;\n}\n.w-64{\n  width: 16rem;\n}\n.w-7{\n  width: 1.75rem;\n}\n.w-72{\n  width: 18rem;\n}\n.w-8{\n  width: 2rem;\n}\n.w-80{\n  width: 20rem;\n}\n.w-9{\n  width: 2.25rem;\n}\n.w-96{\n  width: 24rem;\n}\n.w-\\[--sidebar-width\\]{\n  width: var(--sidebar-width);\n}\n.w-\\[1\\.2rem\\]{\n  width: 1.2rem;\n}\n.w-\\[100px\\]{\n  width: 100px;\n}\n.w-\\[1px\\]{\n  width: 1px;\n}\n.w-auto{\n  width: auto;\n}\n.w-full{\n  width: 100%;\n}\n.w-max{\n  width: -moz-max-content;\n  width: max-content;\n}\n.w-px{\n  width: 1px;\n}\n.min-w-0{\n  min-width: 0px;\n}\n.min-w-5{\n  min-width: 1.25rem;\n}\n.min-w-\\[12rem\\]{\n  min-width: 12rem;\n}\n.min-w-\\[8rem\\]{\n  min-width: 8rem;\n}\n.min-w-\\[var\\(--radix-select-trigger-width\\)\\]{\n  min-width: var(--radix-select-trigger-width);\n}\n.max-w-2xl{\n  max-width: 42rem;\n}\n.max-w-32{\n  max-width: 8rem;\n}\n.max-w-3xl{\n  max-width: 48rem;\n}\n.max-w-4xl{\n  max-width: 56rem;\n}\n.max-w-6xl{\n  max-width: 72rem;\n}\n.max-w-7xl{\n  max-width: 80rem;\n}\n.max-w-\\[--skeleton-width\\]{\n  max-width: var(--skeleton-width);\n}\n.max-w-lg{\n  max-width: 32rem;\n}\n.max-w-max{\n  max-width: -moz-max-content;\n  max-width: max-content;\n}\n.max-w-md{\n  max-width: 28rem;\n}\n.max-w-xs{\n  max-width: 20rem;\n}\n.flex-1{\n  flex: 1 1 0%;\n}\n.flex-shrink-0{\n  flex-shrink: 0;\n}\n.shrink-0{\n  flex-shrink: 0;\n}\n.grow{\n  flex-grow: 1;\n}\n.grow-0{\n  flex-grow: 0;\n}\n.basis-full{\n  flex-basis: 100%;\n}\n.caption-bottom{\n  caption-side: bottom;\n}\n.border-collapse{\n  border-collapse: collapse;\n}\n.-translate-x-1\\/2{\n  --tw-translate-x: -50%;\n  transform: translate(var(--tw-translate-x), var(--tw-translate-y)) rotate(var(--tw-rotate)) skewX(var(--tw-skew-x)) skewY(var(--tw-skew-y)) scaleX(var(--tw-scale-x)) scaleY(var(--tw-scale-y));\n}\n.-translate-x-px{\n  --tw-translate-x: -1px;\n  transform: translate(var(--tw-translate-x), var(--tw-translate-y)) rotate(var(--tw-rotate)) skewX(var(--tw-skew-x)) skewY(var(--tw-skew-y)) scaleX(var(--tw-scale-x)) scaleY(var(--tw-scale-y));\n}\n.-translate-y-1\\/2{\n  --tw-translate-y: -50%;\n  transform: translate(var(--tw-translate-x), var(--tw-translate-y)) rotate(var(--tw-rotate)) skewX(var(--tw-skew-x)) skewY(var(--tw-skew-y)) scaleX(var(--tw-scale-x)) scaleY(var(--tw-scale-y));\n}\n.translate-x-\\[-50\\%\\]{\n  --tw-translate-x: -50%;\n  transform: translate(var(--tw-translate-x), var(--tw-translate-y)) rotate(var(--tw-rotate)) skewX(var(--tw-skew-x)) skewY(var(--tw-skew-y)) scaleX(var(--tw-scale-x)) scaleY(var(--tw-scale-y));\n}\n.translate-x-px{\n  --tw-translate-x: 1px;\n  transform: translate(var(--tw-translate-x), var(--tw-translate-y)) rotate(var(--tw-rotate)) skewX(var(--tw-skew-x)) skewY(var(--tw-skew-y)) scaleX(var(--tw-scale-x)) scaleY(var(--tw-scale-y));\n}\n.translate-y-\\[-50\\%\\]{\n  --tw-translate-y: -50%;\n  transform: translate(var(--tw-translate-x), var(--tw-translate-y)) rotate(var(--tw-rotate)) skewX(var(--tw-skew-x)) skewY(var(--tw-skew-y)) scaleX(var(--tw-scale-x)) scaleY(var(--tw-scale-y));\n}\n.rotate-0{\n  --tw-rotate: 0deg;\n  transform: translate(var(--tw-translate-x), var(--tw-translate-y)) rotate(var(--tw-rotate)) skewX(var(--tw-skew-x)) skewY(var(--tw-skew-y)) scaleX(var(--tw-scale-x)) scaleY(var(--tw-scale-y));\n}\n.rotate-45{\n  --tw-rotate: 45deg;\n  transform: translate(var(--tw-translate-x), var(--tw-translate-y)) rotate(var(--tw-rotate)) skewX(var(--tw-skew-x)) skewY(var(--tw-skew-y)) scaleX(var(--tw-scale-x)) scaleY(var(--tw-scale-y));\n}\n.rotate-90{\n  --tw-rotate: 90deg;\n  transform: translate(var(--tw-translate-x), var(--tw-translate-y)) rotate(var(--tw-rotate)) skewX(var(--tw-skew-x)) skewY(var(--tw-skew-y)) scaleX(var(--tw-scale-x)) scaleY(var(--tw-scale-y));\n}\n.scale-0{\n  --tw-scale-x: 0;\n  --tw-scale-y: 0;\n  transform: translate(var(--tw-translate-x), var(--tw-translate-y)) rotate(var(--tw-rotate)) skewX(var(--tw-skew-x)) skewY(var(--tw-skew-y)) scaleX(var(--tw-scale-x)) scaleY(var(--tw-scale-y));\n}\n.scale-100{\n  --tw-scale-x: 1;\n  --tw-scale-y: 1;\n  transform: translate(var(--tw-translate-x), var(--tw-translate-y)) rotate(var(--tw-rotate)) skewX(var(--tw-skew-x)) skewY(var(--tw-skew-y)) scaleX(var(--tw-scale-x)) scaleY(var(--tw-scale-y));\n}\n.transform{\n  transform: translate(var(--tw-translate-x), var(--tw-translate-y)) rotate(var(--tw-rotate)) skewX(var(--tw-skew-x)) skewY(var(--tw-skew-y)) scaleX(var(--tw-scale-x)) scaleY(var(--tw-scale-y));\n}\n@keyframes bounce{\n  0%, 100%{\n    transform: translateY(-25%);\n    animation-timing-function: cubic-bezier(0.8,0,1,1);\n  }\n  50%{\n    transform: none;\n    animation-timing-function: cubic-bezier(0,0,0.2,1);\n  }\n}\n.animate-bounce{\n  animation: bounce 1s infinite;\n}\n@keyframes ping{\n  75%, 100%{\n    transform: scale(2);\n    opacity: 0;\n  }\n}\n.animate-ping{\n  animation: ping 1s cubic-bezier(0, 0, 0.2, 1) infinite;\n}\n@keyframes pulse{\n  50%{\n    opacity: .5;\n  }\n}\n.animate-pulse{\n  animation: pulse 2s cubic-bezier(0.4, 0, 0.6, 1) infinite;\n}\n@keyframes spin{\n  to{\n    transform: rotate(360deg);\n  }\n}\n.animate-spin{\n  animation: spin 1s linear infinite;\n}\n.cursor-default{\n  cursor: default;\n}\n.cursor-move{\n  cursor: move;\n}\n.cursor-not-allowed{\n  cursor: not-allowed;\n}\n.cursor-pointer{\n  cursor: pointer;\n}\n.touch-none{\n  touch-action: none;\n}\n.select-none{\n  -webkit-user-select: none;\n     -moz-user-select: none;\n          user-select: none;\n}\n.resize-none{\n  resize: none;\n}\n.resize{\n  resize: both;\n}\n.list-none{\n  list-style-type: none;\n}\n.grid-cols-1{\n  grid-template-columns: repeat(1, minmax(0, 1fr));\n}\n.grid-cols-2{\n  grid-template-columns: repeat(2, minmax(0, 1fr));\n}\n.grid-cols-3{\n  grid-template-columns: repeat(3, minmax(0, 1fr));\n}\n.grid-cols-5{\n  grid-template-columns: repeat(5, minmax(0, 1fr));\n}\n.flex-row{\n  flex-direction: row;\n}\n.flex-col{\n  flex-direction: column;\n}\n.flex-col-reverse{\n  flex-direction: column-reverse;\n}\n.flex-wrap{\n  flex-wrap: wrap;\n}\n.items-start{\n  align-items: flex-start;\n}\n.items-end{\n  align-items: flex-end;\n}\n.items-center{\n  align-items: center;\n}\n.items-stretch{\n  align-items: stretch;\n}\n.justify-start{\n  justify-content: flex-start;\n}\n.justify-end{\n  justify-content: flex-end;\n}\n.justify-center{\n  justify-content: center;\n}\n.justify-between{\n  justify-content: space-between;\n}\n.gap-1{\n  gap: 0.25rem;\n}\n.gap-1\\.5{\n  gap: 0.375rem;\n}\n.gap-12{\n  gap: 3rem;\n}\n.gap-2{\n  gap: 0.5rem;\n}\n.gap-3{\n  gap: 0.75rem;\n}\n.gap-4{\n  gap: 1rem;\n}\n.gap-6{\n  gap: 1.5rem;\n}\n.gap-8{\n  gap: 2rem;\n}\n.space-x-1 > :not([hidden]) ~ :not([hidden]){\n  --tw-space-x-reverse: 0;\n  margin-right: calc(0.25rem * var(--tw-space-x-reverse));\n  margin-left: calc(0.25rem * calc(1 - var(--tw-space-x-reverse)));\n}\n.space-x-2 > :not([hidden]) ~ :not([hidden]){\n  --tw-space-x-reverse: 0;\n  margin-right: calc(0.5rem * var(--tw-space-x-reverse));\n  margin-left: calc(0.5rem * calc(1 - var(--tw-space-x-reverse)));\n}\n.space-x-3 > :not([hidden]) ~ :not([hidden]){\n  --tw-space-x-reverse: 0;\n  margin-right: calc(0.75rem * var(--tw-space-x-reverse));\n  margin-left: calc(0.75rem * calc(1 - var(--tw-space-x-reverse)));\n}\n.space-x-4 > :not([hidden]) ~ :not([hidden]){\n  --tw-space-x-reverse: 0;\n  margin-right: calc(1rem * var(--tw-space-x-reverse));\n  margin-left: calc(1rem * calc(1 - var(--tw-space-x-reverse)));\n}\n.space-x-6 > :not([hidden]) ~ :not([hidden]){\n  --tw-space-x-reverse: 0;\n  margin-right: calc(1.5rem * var(--tw-space-x-reverse));\n  margin-left: calc(1.5rem * calc(1 - var(--tw-space-x-reverse)));\n}\n.space-y-0\\.5 > :not([hidden]) ~ :not([hidden]){\n  --tw-space-y-reverse: 0;\n  margin-top: calc(0.125rem * calc(1 - var(--tw-space-y-reverse)));\n  margin-bottom: calc(0.125rem * var(--tw-space-y-reverse));\n}\n.space-y-1 > :not([hidden]) ~ :not([hidden]){\n  --tw-space-y-reverse: 0;\n  margin-top: calc(0.25rem * calc(1 - var(--tw-space-y-reverse)));\n  margin-bottom: calc(0.25rem * var(--tw-space-y-reverse));\n}\n.space-y-1\\.5 > :not([hidden]) ~ :not([hidden]){\n  --tw-space-y-reverse: 0;\n  margin-top: calc(0.375rem * calc(1 - var(--tw-space-y-reverse)));\n  margin-bottom: calc(0.375rem * var(--tw-space-y-reverse));\n}\n.space-y-16 > :not([hidden]) ~ :not([hidden]){\n  --tw-space-y-reverse: 0;\n  margin-top: calc(4rem * calc(1 - var(--tw-space-y-reverse)));\n  margin-bottom: calc(4rem * var(--tw-space-y-reverse));\n}\n.space-y-2 > :not([hidden]) ~ :not([hidden]){\n  --tw-space-y-reverse: 0;\n  margin-top: calc(0.5rem * calc(1 - var(--tw-space-y-reverse)));\n  margin-bottom: calc(0.5rem * var(--tw-space-y-reverse));\n}\n.space-y-3 > :not([hidden]) ~ :not([hidden]){\n  --tw-space-y-reverse: 0;\n  margin-top: calc(0.75rem * calc(1 - var(--tw-space-y-reverse)));\n  margin-bottom: calc(0.75rem * var(--tw-space-y-reverse));\n}\n.space-y-4 > :not([hidden]) ~ :not([hidden]){\n  --tw-space-y-reverse: 0;\n  margin-top: calc(1rem * calc(1 - var(--tw-space-y-reverse)));\n  margin-bottom: calc(1rem * var(--tw-space-y-reverse));\n}\n.space-y-6 > :not([hidden]) ~ :not([hidden]){\n  --tw-space-y-reverse: 0;\n  margin-top: calc(1.5rem * calc(1 - var(--tw-space-y-reverse)));\n  margin-bottom: calc(1.5rem * var(--tw-space-y-reverse));\n}\n.space-y-8 > :not([hidden]) ~ :not([hidden]){\n  --tw-space-y-reverse: 0;\n  margin-top: calc(2rem * calc(1 - var(--tw-space-y-reverse)));\n  margin-bottom: calc(2rem * var(--tw-space-y-reverse));\n}\n.overflow-auto{\n  overflow: auto;\n}\n.overflow-hidden{\n  overflow: hidden;\n}\n.overflow-x-auto{\n  overflow-x: auto;\n}\n.overflow-y-auto{\n  overflow-y: auto;\n}\n.overflow-x-hidden{\n  overflow-x: hidden;\n}\n.truncate{\n  overflow: hidden;\n  text-overflow: ellipsis;\n  white-space: nowrap;\n}\n.whitespace-nowrap{\n  white-space: nowrap;\n}\n.break-words{\n  overflow-wrap: break-word;\n}\n.break-all{\n  word-break: break-all;\n}\n.rounded{\n  border-radius: 0.25rem;\n}\n.rounded-\\[2px\\]{\n  border-radius: 2px;\n}\n.rounded-\\[inherit\\]{\n  border-radius: inherit;\n}\n.rounded-full{\n  border-radius: 9999px;\n}\n.rounded-lg{\n  border-radius: var(--radius);\n}\n.rounded-md{\n  border-radius: calc(var(--radius) - 2px);\n}\n.rounded-sm{\n  border-radius: calc(var(--radius) - 4px);\n}\n.rounded-xl{\n  border-radius: 0.75rem;\n}\n.rounded-t-\\[10px\\]{\n  border-top-left-radius: 10px;\n  border-top-right-radius: 10px;\n}\n.rounded-tl-sm{\n  border-top-left-radius: calc(var(--radius) - 4px);\n}\n.border{\n  border-width: 1px;\n}\n.border-2{\n  border-width: 2px;\n}\n.border-\\[1\\.5px\\]{\n  border-width: 1.5px;\n}\n.border-y{\n  border-top-width: 1px;\n  border-bottom-width: 1px;\n}\n.border-b{\n  border-bottom-width: 1px;\n}\n.border-l{\n  border-left-width: 1px;\n}\n.border-l-2{\n  border-left-width: 2px;\n}\n.border-r{\n  border-right-width: 1px;\n}\n.border-t{\n  border-top-width: 1px;\n}\n.border-dashed{\n  border-style: dashed;\n}\n.border-\\[--color-border\\]{\n  border-color: var(--color-border);\n}\n.border-blue-200{\n  --tw-border-opacity: 1;\n  border-color: rgb(191 219 254 / var(--tw-border-opacity, 1));\n}\n.border-blue-400{\n  --tw-border-opacity: 1;\n  border-color: rgb(96 165 250 / var(--tw-border-opacity, 1));\n}\n.border-border\\/50{\n  border-color: hsl(var(--border) / 0.5);\n}\n.border-cyan-400{\n  --tw-border-opacity: 1;\n  border-color: rgb(34 211 238 / var(--tw-border-opacity, 1));\n}\n.border-cyan-400\\/20{\n  border-color: rgb(34 211 238 / 0.2);\n}\n.border-cyan-400\\/30{\n  border-color: rgb(34 211 238 / 0.3);\n}\n.border-cyan-400\\/50{\n  border-color: rgb(34 211 238 / 0.5);\n}\n.border-cyan-400\\/60{\n  border-color: rgb(34 211 238 / 0.6);\n}\n.border-destructive{\n  border-color: hsl(var(--destructive));\n}\n.border-destructive\\/20{\n  border-color: hsl(var(--destructive) / 0.2);\n}\n.border-destructive\\/50{\n  border-color: hsl(var(--destructive) / 0.5);\n}\n.border-gray-200{\n  --tw-border-opacity: 1;\n  border-color: rgb(229 231 235 / var(--tw-border-opacity, 1));\n}\n.border-gray-300{\n  --tw-border-opacity: 1;\n  border-color: rgb(209 213 219 / var(--tw-border-opacity, 1));\n}\n.border-green-200{\n  --tw-border-opacity: 1;\n  border-color: rgb(187 247 208 / var(--tw-border-opacity, 1));\n}\n.border-green-400\\/50{\n  border-color: rgb(74 222 128 / 0.5);\n}\n.border-green-500\\/20{\n  border-color: rgb(34 197 94 / 0.2);\n}\n.border-input{\n  border-color: hsl(var(--input));\n}\n.border-primary{\n  border-color: hsl(var(--primary));\n}\n.border-red-200{\n  --tw-border-opacity: 1;\n  border-color: rgb(254 202 202 / var(--tw-border-opacity, 1));\n}\n.border-red-400\\/50{\n  border-color: rgb(248 113 113 / 0.5);\n}\n.border-red-500\\/20{\n  border-color: rgb(239 68 68 / 0.2);\n}\n.border-sidebar-border{\n  border-color: hsl(var(--sidebar-border));\n}\n.border-slate-600{\n  --tw-border-opacity: 1;\n  border-color: rgb(71 85 105 / var(--tw-border-opacity, 1));\n}\n.border-slate-700{\n  --tw-border-opacity: 1;\n  border-color: rgb(51 65 85 / var(--tw-border-opacity, 1));\n}\n.border-transparent{\n  border-color: transparent;\n}\n.border-white\\/10{\n  border-color: rgb(255 255 255 / 0.1);\n}\n.border-white\\/20{\n  border-color: rgb(255 255 255 / 0.2);\n}\n.border-white\\/30{\n  border-color: rgb(255 255 255 / 0.3);\n}\n.border-yellow-500\\/20{\n  border-color: rgb(234 179 8 / 0.2);\n}\n.border-yellow-500\\/30{\n  border-color: rgb(234 179 8 / 0.3);\n}\n.border-l-transparent{\n  border-left-color: transparent;\n}\n.border-t-transparent{\n  border-top-color: transparent;\n}\n.border-t-white{\n  --tw-border-opacity: 1;\n  border-top-color: rgb(255 255 255 / var(--tw-border-opacity, 1));\n}\n.bg-\\[--color-bg\\]{\n  background-color: var(--color-bg);\n}\n.bg-accent{\n  background-color: hsl(var(--accent));\n}\n.bg-background{\n  background-color: hsl(var(--background));\n}\n.bg-black\\/20{\n  background-color: rgb(0 0 0 / 0.2);\n}\n.bg-black\\/50{\n  background-color: rgb(0 0 0 / 0.5);\n}\n.bg-black\\/80{\n  background-color: rgb(0 0 0 / 0.8);\n}\n.bg-blue-100{\n  --tw-bg-opacity: 1;\n  background-color: rgb(219 234 254 / var(--tw-bg-opacity, 1));\n}\n.bg-blue-50{\n  --tw-bg-opacity: 1;\n  background-color: rgb(239 246 255 / var(--tw-bg-opacity, 1));\n}\n.bg-blue-500{\n  --tw-bg-opacity: 1;\n  background-color: rgb(59 130 246 / var(--tw-bg-opacity, 1));\n}\n.bg-border{\n  background-color: hsl(var(--border));\n}\n.bg-card{\n  background-color: hsl(var(--card));\n}\n.bg-cyan-400{\n  --tw-bg-opacity: 1;\n  background-color: rgb(34 211 238 / var(--tw-bg-opacity, 1));\n}\n.bg-cyan-400\\/10{\n  background-color: rgb(34 211 238 / 0.1);\n}\n.bg-cyan-500{\n  --tw-bg-opacity: 1;\n  background-color: rgb(6 182 212 / var(--tw-bg-opacity, 1));\n}\n.bg-cyan-500\\/20{\n  background-color: rgb(6 182 212 / 0.2);\n}\n.bg-cyan-600{\n  --tw-bg-opacity: 1;\n  background-color: rgb(8 145 178 / var(--tw-bg-opacity, 1));\n}\n.bg-destructive{\n  background-color: hsl(var(--destructive));\n}\n.bg-destructive\\/10{\n  background-color: hsl(var(--destructive) / 0.1);\n}\n.bg-foreground{\n  background-color: hsl(var(--foreground));\n}\n.bg-gray-100{\n  --tw-bg-opacity: 1;\n  background-color: rgb(243 244 246 / var(--tw-bg-opacity, 1));\n}\n.bg-gray-200{\n  --tw-bg-opacity: 1;\n  background-color: rgb(229 231 235 / var(--tw-bg-opacity, 1));\n}\n.bg-gray-400{\n  --tw-bg-opacity: 1;\n  background-color: rgb(156 163 175 / var(--tw-bg-opacity, 1));\n}\n.bg-gray-50{\n  --tw-bg-opacity: 1;\n  background-color: rgb(249 250 251 / var(--tw-bg-opacity, 1));\n}\n.bg-gray-500{\n  --tw-bg-opacity: 1;\n  background-color: rgb(107 114 128 / var(--tw-bg-opacity, 1));\n}\n.bg-green-100{\n  --tw-bg-opacity: 1;\n  background-color: rgb(220 252 231 / var(--tw-bg-opacity, 1));\n}\n.bg-green-50{\n  --tw-bg-opacity: 1;\n  background-color: rgb(240 253 244 / var(--tw-bg-opacity, 1));\n}\n.bg-green-500{\n  --tw-bg-opacity: 1;\n  background-color: rgb(34 197 94 / var(--tw-bg-opacity, 1));\n}\n.bg-green-500\\/10{\n  background-color: rgb(34 197 94 / 0.1);\n}\n.bg-green-600{\n  --tw-bg-opacity: 1;\n  background-color: rgb(22 163 74 / var(--tw-bg-opacity, 1));\n}\n.bg-muted{\n  background-color: hsl(var(--muted));\n}\n.bg-muted\\/30{\n  background-color: hsl(var(--muted) / 0.3);\n}\n.bg-muted\\/50{\n  background-color: hsl(var(--muted) / 0.5);\n}\n.bg-navy-900\\/80{\n  background-color: rgb(15 23 41 / 0.8);\n}\n.bg-orange-100{\n  --tw-bg-opacity: 1;\n  background-color: rgb(255 237 213 / var(--tw-bg-opacity, 1));\n}\n.bg-orange-500{\n  --tw-bg-opacity: 1;\n  background-color: rgb(249 115 22 / var(--tw-bg-opacity, 1));\n}\n.bg-popover{\n  background-color: hsl(var(--popover));\n}\n.bg-primary{\n  background-color: hsl(var(--primary));\n}\n.bg-purple-100{\n  --tw-bg-opacity: 1;\n  background-color: rgb(243 232 255 / var(--tw-bg-opacity, 1));\n}\n.bg-purple-500{\n  --tw-bg-opacity: 1;\n  background-color: rgb(168 85 247 / var(--tw-bg-opacity, 1));\n}\n.bg-red-100{\n  --tw-bg-opacity: 1;\n  background-color: rgb(254 226 226 / var(--tw-bg-opacity, 1));\n}\n.bg-red-50{\n  --tw-bg-opacity: 1;\n  background-color: rgb(254 242 242 / var(--tw-bg-opacity, 1));\n}\n.bg-red-500{\n  --tw-bg-opacity: 1;\n  background-color: rgb(239 68 68 / var(--tw-bg-opacity, 1));\n}\n.bg-red-500\\/10{\n  background-color: rgb(239 68 68 / 0.1);\n}\n.bg-secondary{\n  background-color: hsl(var(--secondary));\n}\n.bg-sidebar{\n  background-color: hsl(var(--sidebar-background));\n}\n.bg-sidebar-border{\n  background-color: hsl(var(--sidebar-border));\n}\n.bg-slate-700{\n  --tw-bg-opacity: 1;\n  background-color: rgb(51 65 85 / var(--tw-bg-opacity, 1));\n}\n.bg-slate-800{\n  --tw-bg-opacity: 1;\n  background-color: rgb(30 41 59 / var(--tw-bg-opacity, 1));\n}\n.bg-slate-800\\/30{\n  background-color: rgb(30 41 59 / 0.3);\n}\n.bg-slate-800\\/50{\n  background-color: rgb(30 41 59 / 0.5);\n}\n.bg-slate-800\\/95{\n  background-color: rgb(30 41 59 / 0.95);\n}\n.bg-slate-900\\/50{\n  background-color: rgb(15 23 42 / 0.5);\n}\n.bg-transparent{\n  background-color: transparent;\n}\n.bg-white{\n  --tw-bg-opacity: 1;\n  background-color: rgb(255 255 255 / var(--tw-bg-opacity, 1));\n}\n.bg-white\\/10{\n  background-color: rgb(255 255 255 / 0.1);\n}\n.bg-white\\/5{\n  background-color: rgb(255 255 255 / 0.05);\n}\n.bg-yellow-500{\n  --tw-bg-opacity: 1;\n  background-color: rgb(234 179 8 / var(--tw-bg-opacity, 1));\n}\n.bg-yellow-500\\/10{\n  background-color: rgb(234 179 8 / 0.1);\n}\n.bg-yellow-500\\/20{\n  background-color: rgb(234 179 8 / 0.2);\n}\n.bg-gradient-to-b{\n  background-image: linear-gradient(to bottom, var(--tw-gradient-stops));\n}\n.bg-gradient-to-br{\n  background-image: linear-gradient(to bottom right, var(--tw-gradient-stops));\n}\n.bg-gradient-to-r{\n  background-image: linear-gradient(to right, var(--tw-gradient-stops));\n}\n.bg-gradient-to-tr{\n  background-image: linear-gradient(to top right, var(--tw-gradient-stops));\n}\n.from-background{\n  --tw-gradient-from: hsl(var(--background)) var(--tw-gradient-from-position);\n  --tw-gradient-to: hsl(var(--background) / 0) var(--tw-gradient-to-position);\n  --tw-gradient-stops: var(--tw-gradient-from), var(--tw-gradient-to);\n}\n.from-blue-100{\n  --tw-gradient-from: #dbeafe var(--tw-gradient-from-position);\n  --tw-gradient-to: rgb(219 234 254 / 0) var(--tw-gradient-to-position);\n  --tw-gradient-stops: var(--tw-gradient-from), var(--tw-gradient-to);\n}\n.from-blue-500{\n  --tw-gradient-from: #3b82f6 var(--tw-gradient-from-position);\n  --tw-gradient-to: rgb(59 130 246 / 0) var(--tw-gradient-to-position);\n  --tw-gradient-stops: var(--tw-gradient-from), var(--tw-gradient-to);\n}\n.from-blue-500\\/10{\n  --tw-gradient-from: rgb(59 130 246 / 0.1) var(--tw-gradient-from-position);\n  --tw-gradient-to: rgb(59 130 246 / 0) var(--tw-gradient-to-position);\n  --tw-gradient-stops: var(--tw-gradient-from), var(--tw-gradient-to);\n}\n.from-cyan-400{\n  --tw-gradient-from: #22d3ee var(--tw-gradient-from-position);\n  --tw-gradient-to: rgb(34 211 238 / 0) var(--tw-gradient-to-position);\n  --tw-gradient-stops: var(--tw-gradient-from), var(--tw-gradient-to);\n}\n.from-cyan-500{\n  --tw-gradient-from: #06b6d4 var(--tw-gradient-from-position);\n  --tw-gradient-to: rgb(6 182 212 / 0) var(--tw-gradient-to-position);\n  --tw-gradient-stops: var(--tw-gradient-from), var(--tw-gradient-to);\n}\n.from-cyan-500\\/10{\n  --tw-gradient-from: rgb(6 182 212 / 0.1) var(--tw-gradient-from-position);\n  --tw-gradient-to: rgb(6 182 212 / 0) var(--tw-gradient-to-position);\n  --tw-gradient-stops: var(--tw-gradient-from), var(--tw-gradient-to);\n}\n.from-navy-800{\n  --tw-gradient-from: #1a2849 var(--tw-gradient-from-position);\n  --tw-gradient-to: rgb(26 40 73 / 0) var(--tw-gradient-to-position);\n  --tw-gradient-stops: var(--tw-gradient-from), var(--tw-gradient-to);\n}\n.from-slate-50{\n  --tw-gradient-from: #f8fafc var(--tw-gradient-from-position);\n  --tw-gradient-to: rgb(248 250 252 / 0) var(--tw-gradient-to-position);\n  --tw-gradient-stops: var(--tw-gradient-from), var(--tw-gradient-to);\n}\n.from-slate-700{\n  --tw-gradient-from: #334155 var(--tw-gradient-from-position);\n  --tw-gradient-to: rgb(51 65 85 / 0) var(--tw-gradient-to-position);\n  --tw-gradient-stops: var(--tw-gradient-from), var(--tw-gradient-to);\n}\n.from-slate-900{\n  --tw-gradient-from: #0f172a var(--tw-gradient-from-position);\n  --tw-gradient-to: rgb(15 23 42 / 0) var(--tw-gradient-to-position);\n  --tw-gradient-stops: var(--tw-gradient-from), var(--tw-gradient-to);\n}\n.from-yellow-400{\n  --tw-gradient-from: #facc15 var(--tw-gradient-from-position);\n  --tw-gradient-to: rgb(250 204 21 / 0) var(--tw-gradient-to-position);\n  --tw-gradient-stops: var(--tw-gradient-from), var(--tw-gradient-to);\n}\n.via-background{\n  --tw-gradient-to: hsl(var(--background) / 0)  var(--tw-gradient-to-position);\n  --tw-gradient-stops: var(--tw-gradient-from), hsl(var(--background)) var(--tw-gradient-via-position), var(--tw-gradient-to);\n}\n.via-navy-900{\n  --tw-gradient-to: rgb(15 23 41 / 0)  var(--tw-gradient-to-position);\n  --tw-gradient-stops: var(--tw-gradient-from), #0f1729 var(--tw-gradient-via-position), var(--tw-gradient-to);\n}\n.via-purple-900{\n  --tw-gradient-to: rgb(88 28 135 / 0)  var(--tw-gradient-to-position);\n  --tw-gradient-stops: var(--tw-gradient-from), #581c87 var(--tw-gradient-via-position), var(--tw-gradient-to);\n}\n.via-slate-600{\n  --tw-gradient-to: rgb(71 85 105 / 0)  var(--tw-gradient-to-position);\n  --tw-gradient-stops: var(--tw-gradient-from), #475569 var(--tw-gradient-via-position), var(--tw-gradient-to);\n}\n.via-slate-800{\n  --tw-gradient-to: rgb(30 41 59 / 0)  var(--tw-gradient-to-position);\n  --tw-gradient-stops: var(--tw-gradient-from), #1e293b var(--tw-gradient-via-position), var(--tw-gradient-to);\n}\n.to-background{\n  --tw-gradient-to: hsl(var(--background)) var(--tw-gradient-to-position);\n}\n.to-blue-400{\n  --tw-gradient-to: #60a5fa var(--tw-gradient-to-position);\n}\n.to-blue-500{\n  --tw-gradient-to: #3b82f6 var(--tw-gradient-to-position);\n}\n.to-blue-500\\/10{\n  --tw-gradient-to: rgb(59 130 246 / 0.1) var(--tw-gradient-to-position);\n}\n.to-cyan-600{\n  --tw-gradient-to: #0891b2 var(--tw-gradient-to-position);\n}\n.to-muted\\/20{\n  --tw-gradient-to: hsl(var(--muted) / 0.2) var(--tw-gradient-to-position);\n}\n.to-navy-950{\n  --tw-gradient-to: #0a0f1a var(--tw-gradient-to-position);\n}\n.to-orange-500{\n  --tw-gradient-to: #f97316 var(--tw-gradient-to-position);\n}\n.to-purple-100{\n  --tw-gradient-to: #f3e8ff var(--tw-gradient-to-position);\n}\n.to-purple-600{\n  --tw-gradient-to: #9333ea var(--tw-gradient-to-position);\n}\n.to-slate-100{\n  --tw-gradient-to: #f1f5f9 var(--tw-gradient-to-position);\n}\n.to-slate-700{\n  --tw-gradient-to: #334155 var(--tw-gradient-to-position);\n}\n.to-slate-800{\n  --tw-gradient-to: #1e293b var(--tw-gradient-to-position);\n}\n.to-slate-900{\n  --tw-gradient-to: #0f172a var(--tw-gradient-to-position);\n}\n.to-transparent{\n  --tw-gradient-to: transparent var(--tw-gradient-to-position);\n}\n.bg-\\[length\\:200\\%_100\\%\\]{\n  background-size: 200% 100%;\n}\n.bg-clip-text{\n  -webkit-background-clip: text;\n          background-clip: text;\n}\n.fill-current{\n  fill: currentColor;\n}\n.object-cover{\n  -o-object-fit: cover;\n     object-fit: cover;\n}\n.p-0{\n  padding: 0px;\n}\n.p-0\\.5{\n  padding: 0.125rem;\n}\n.p-1{\n  padding: 0.25rem;\n}\n.p-2{\n  padding: 0.5rem;\n}\n.p-3{\n  padding: 0.75rem;\n}\n.p-4{\n  padding: 1rem;\n}\n.p-6{\n  padding: 1.5rem;\n}\n.p-8{\n  padding: 2rem;\n}\n.p-\\[1px\\]{\n  padding: 1px;\n}\n.px-1{\n  padding-left: 0.25rem;\n  padding-right: 0.25rem;\n}\n.px-1\\.5{\n  padding-left: 0.375rem;\n  padding-right: 0.375rem;\n}\n.px-2{\n  padding-left: 0.5rem;\n  padding-right: 0.5rem;\n}\n.px-2\\.5{\n  padding-left: 0.625rem;\n  padding-right: 0.625rem;\n}\n.px-3{\n  padding-left: 0.75rem;\n  padding-right: 0.75rem;\n}\n.px-4{\n  padding-left: 1rem;\n  padding-right: 1rem;\n}\n.px-5{\n  padding-left: 1.25rem;\n  padding-right: 1.25rem;\n}\n.px-6{\n  padding-left: 1.5rem;\n  padding-right: 1.5rem;\n}\n.px-8{\n  padding-left: 2rem;\n  padding-right: 2rem;\n}\n.py-0\\.5{\n  padding-top: 0.125rem;\n  padding-bottom: 0.125rem;\n}\n.py-1{\n  padding-top: 0.25rem;\n  padding-bottom: 0.25rem;\n}\n.py-1\\.5{\n  padding-top: 0.375rem;\n  padding-bottom: 0.375rem;\n}\n.py-12{\n  padding-top: 3rem;\n  padding-bottom: 3rem;\n}\n.py-16{\n  padding-top: 4rem;\n  padding-bottom: 4rem;\n}\n.py-2{\n  padding-top: 0.5rem;\n  padding-bottom: 0.5rem;\n}\n.py-20{\n  padding-top: 5rem;\n  padding-bottom: 5rem;\n}\n.py-3{\n  padding-top: 0.75rem;\n  padding-bottom: 0.75rem;\n}\n.py-4{\n  padding-top: 1rem;\n  padding-bottom: 1rem;\n}\n.py-6{\n  padding-top: 1.5rem;\n  padding-bottom: 1.5rem;\n}\n.py-8{\n  padding-top: 2rem;\n  padding-bottom: 2rem;\n}\n.pb-2{\n  padding-bottom: 0.5rem;\n}\n.pb-3{\n  padding-bottom: 0.75rem;\n}\n.pb-4{\n  padding-bottom: 1rem;\n}\n.pl-10{\n  padding-left: 2.5rem;\n}\n.pl-12{\n  padding-left: 3rem;\n}\n.pl-2\\.5{\n  padding-left: 0.625rem;\n}\n.pl-4{\n  padding-left: 1rem;\n}\n.pl-8{\n  padding-left: 2rem;\n}\n.pr-2{\n  padding-right: 0.5rem;\n}\n.pr-2\\.5{\n  padding-right: 0.625rem;\n}\n.pr-4{\n  padding-right: 1rem;\n}\n.pr-8{\n  padding-right: 2rem;\n}\n.pt-0{\n  padding-top: 0px;\n}\n.pt-1{\n  padding-top: 0.25rem;\n}\n.pt-2{\n  padding-top: 0.5rem;\n}\n.pt-3{\n  padding-top: 0.75rem;\n}\n.pt-4{\n  padding-top: 1rem;\n}\n.pt-6{\n  padding-top: 1.5rem;\n}\n.pt-8{\n  padding-top: 2rem;\n}\n.text-left{\n  text-align: left;\n}\n.text-center{\n  text-align: center;\n}\n.text-right{\n  text-align: right;\n}\n.align-middle{\n  vertical-align: middle;\n}\n.font-mono{\n  font-family: 'Fira Code', 'Consolas', 'Monaco', monospace;\n}\n.text-2xl{\n  font-size: 1.5rem;\n  line-height: 2rem;\n}\n.text-3xl{\n  font-size: 1.875rem;\n  line-height: 2.25rem;\n}\n.text-4xl{\n  font-size: 2.25rem;\n  line-height: 2.5rem;\n}\n.text-6xl{\n  font-size: 3.75rem;\n  line-height: 1;\n}\n.text-8xl{\n  font-size: 6rem;\n  line-height: 1;\n}\n.text-\\[0\\.8rem\\]{\n  font-size: 0.8rem;\n}\n.text-base{\n  font-size: 1rem;\n  line-height: 1.5rem;\n}\n.text-lg{\n  font-size: 1.125rem;\n  line-height: 1.75rem;\n}\n.text-sm{\n  font-size: 0.875rem;\n  line-height: 1.25rem;\n}\n.text-xl{\n  font-size: 1.25rem;\n  line-height: 1.75rem;\n}\n.text-xs{\n  font-size: 0.75rem;\n  line-height: 1rem;\n}\n.font-bold{\n  font-weight: 700;\n}\n.font-light{\n  font-weight: 300;\n}\n.font-medium{\n  font-weight: 500;\n}\n.font-normal{\n  font-weight: 400;\n}\n.font-semibold{\n  font-weight: 600;\n}\n.uppercase{\n  text-transform: uppercase;\n}\n.capitalize{\n  text-transform: capitalize;\n}\n.tabular-nums{\n  --tw-numeric-spacing: tabular-nums;\n  font-variant-numeric: var(--tw-ordinal) var(--tw-slashed-zero) var(--tw-numeric-figure) var(--tw-numeric-spacing) var(--tw-numeric-fraction);\n}\n.leading-none{\n  line-height: 1;\n}\n.leading-relaxed{\n  line-height: 1.625;\n}\n.leading-tight{\n  line-height: 1.25;\n}\n.tracking-tight{\n  letter-spacing: -0.025em;\n}\n.tracking-wide{\n  letter-spacing: 0.025em;\n}\n.tracking-wider{\n  letter-spacing: 0.05em;\n}\n.tracking-widest{\n  letter-spacing: 0.1em;\n}\n.text-accent-foreground{\n  color: hsl(var(--accent-foreground));\n}\n.text-black{\n  --tw-text-opacity: 1;\n  color: rgb(0 0 0 / var(--tw-text-opacity, 1));\n}\n.text-blue-400{\n  --tw-text-opacity: 1;\n  color: rgb(96 165 250 / var(--tw-text-opacity, 1));\n}\n.text-blue-500{\n  --tw-text-opacity: 1;\n  color: rgb(59 130 246 / var(--tw-text-opacity, 1));\n}\n.text-blue-600{\n  --tw-text-opacity: 1;\n  color: rgb(37 99 235 / var(--tw-text-opacity, 1));\n}\n.text-blue-700{\n  --tw-text-opacity: 1;\n  color: rgb(29 78 216 / var(--tw-text-opacity, 1));\n}\n.text-blue-800{\n  --tw-text-opacity: 1;\n  color: rgb(30 64 175 / var(--tw-text-opacity, 1));\n}\n.text-card-foreground{\n  color: hsl(var(--card-foreground));\n}\n.text-current{\n  color: currentColor;\n}\n.text-cyan-400{\n  --tw-text-opacity: 1;\n  color: rgb(34 211 238 / var(--tw-text-opacity, 1));\n}\n.text-destructive{\n  color: hsl(var(--destructive));\n}\n.text-destructive-foreground{\n  color: hsl(var(--destructive-foreground));\n}\n.text-foreground{\n  color: hsl(var(--foreground));\n}\n.text-foreground\\/40{\n  color: hsl(var(--foreground) / 0.4);\n}\n.text-foreground\\/50{\n  color: hsl(var(--foreground) / 0.5);\n}\n.text-foreground\\/60{\n  color: hsl(var(--foreground) / 0.6);\n}\n.text-foreground\\/70{\n  color: hsl(var(--foreground) / 0.7);\n}\n.text-foreground\\/80{\n  color: hsl(var(--foreground) / 0.8);\n}\n.text-gray-400{\n  --tw-text-opacity: 1;\n  color: rgb(156 163 175 / var(--tw-text-opacity, 1));\n}\n.text-gray-500{\n  --tw-text-opacity: 1;\n  color: rgb(107 114 128 / var(--tw-text-opacity, 1));\n}\n.text-gray-600{\n  --tw-text-opacity: 1;\n  color: rgb(75 85 99 / var(--tw-text-opacity, 1));\n}\n.text-gray-700{\n  --tw-text-opacity: 1;\n  color: rgb(55 65 81 / var(--tw-text-opacity, 1));\n}\n.text-gray-800{\n  --tw-text-opacity: 1;\n  color: rgb(31 41 55 / var(--tw-text-opacity, 1));\n}\n.text-gray-900{\n  --tw-text-opacity: 1;\n  color: rgb(17 24 39 / var(--tw-text-opacity, 1));\n}\n.text-green-400{\n  --tw-text-opacity: 1;\n  color: rgb(74 222 128 / var(--tw-text-opacity, 1));\n}\n.text-green-500{\n  --tw-text-opacity: 1;\n  color: rgb(34 197 94 / var(--tw-text-opacity, 1));\n}\n.text-green-600{\n  --tw-text-opacity: 1;\n  color: rgb(22 163 74 / var(--tw-text-opacity, 1));\n}\n.text-green-800{\n  --tw-text-opacity: 1;\n  color: rgb(22 101 52 / var(--tw-text-opacity, 1));\n}\n.text-muted-foreground{\n  color: hsl(var(--muted-foreground));\n}\n.text-orange-400{\n  --tw-text-opacity: 1;\n  color: rgb(251 146 60 / var(--tw-text-opacity, 1));\n}\n.text-orange-800{\n  --tw-text-opacity: 1;\n  color: rgb(154 52 18 / var(--tw-text-opacity, 1));\n}\n.text-popover-foreground{\n  color: hsl(var(--popover-foreground));\n}\n.text-primary{\n  color: hsl(var(--primary));\n}\n.text-primary-foreground{\n  color: hsl(var(--primary-foreground));\n}\n.text-purple-400{\n  --tw-text-opacity: 1;\n  color: rgb(192 132 252 / var(--tw-text-opacity, 1));\n}\n.text-purple-600{\n  --tw-text-opacity: 1;\n  color: rgb(147 51 234 / var(--tw-text-opacity, 1));\n}\n.text-purple-800{\n  --tw-text-opacity: 1;\n  color: rgb(107 33 168 / var(--tw-text-opacity, 1));\n}\n.text-red-400{\n  --tw-text-opacity: 1;\n  color: rgb(248 113 113 / var(--tw-text-opacity, 1));\n}\n.text-red-500{\n  --tw-text-opacity: 1;\n  color: rgb(239 68 68 / var(--tw-text-opacity, 1));\n}\n.text-red-600{\n  --tw-text-opacity: 1;\n  color: rgb(220 38 38 / var(--tw-text-opacity, 1));\n}\n.text-red-800{\n  --tw-text-opacity: 1;\n  color: rgb(153 27 27 / var(--tw-text-opacity, 1));\n}\n.text-secondary-foreground{\n  color: hsl(var(--secondary-foreground));\n}\n.text-sidebar-foreground{\n  color: hsl(var(--sidebar-foreground));\n}\n.text-sidebar-foreground\\/70{\n  color: hsl(var(--sidebar-foreground) / 0.7);\n}\n.text-slate-300{\n  --tw-text-opacity: 1;\n  color: rgb(203 213 225 / var(--tw-text-opacity, 1));\n}\n.text-slate-400{\n  --tw-text-opacity: 1;\n  color: rgb(148 163 184 / var(--tw-text-opacity, 1));\n}\n.text-slate-600{\n  --tw-text-opacity: 1;\n  color: rgb(71 85 105 / var(--tw-text-opacity, 1));\n}\n.text-slate-900{\n  --tw-text-opacity: 1;\n  color: rgb(15 23 42 / var(--tw-text-opacity, 1));\n}\n.text-transparent{\n  color: transparent;\n}\n.text-white{\n  --tw-text-opacity: 1;\n  color: rgb(255 255 255 / var(--tw-text-opacity, 1));\n}\n.text-white\\/30{\n  color: rgb(255 255 255 / 0.3);\n}\n.text-white\\/50{\n  color: rgb(255 255 255 / 0.5);\n}\n.text-white\\/60{\n  color: rgb(255 255 255 / 0.6);\n}\n.text-white\\/70{\n  color: rgb(255 255 255 / 0.7);\n}\n.text-white\\/80{\n  color: rgb(255 255 255 / 0.8);\n}\n.text-white\\/90{\n  color: rgb(255 255 255 / 0.9);\n}\n.text-yellow-200{\n  --tw-text-opacity: 1;\n  color: rgb(254 240 138 / var(--tw-text-opacity, 1));\n}\n.text-yellow-400{\n  --tw-text-opacity: 1;\n  color: rgb(250 204 21 / var(--tw-text-opacity, 1));\n}\n.text-yellow-500{\n  --tw-text-opacity: 1;\n  color: rgb(234 179 8 / var(--tw-text-opacity, 1));\n}\n.underline{\n  text-decoration-line: underline;\n}\n.underline-offset-4{\n  text-underline-offset: 4px;\n}\n.placeholder-slate-400::-moz-placeholder{\n  --tw-placeholder-opacity: 1;\n  color: rgb(148 163 184 / var(--tw-placeholder-opacity, 1));\n}\n.placeholder-slate-400::placeholder{\n  --tw-placeholder-opacity: 1;\n  color: rgb(148 163 184 / var(--tw-placeholder-opacity, 1));\n}\n.placeholder-white\\/50::-moz-placeholder{\n  color: rgb(255 255 255 / 0.5);\n}\n.placeholder-white\\/50::placeholder{\n  color: rgb(255 255 255 / 0.5);\n}\n.opacity-0{\n  opacity: 0;\n}\n.opacity-100{\n  opacity: 1;\n}\n.opacity-25{\n  opacity: 0.25;\n}\n.opacity-50{\n  opacity: 0.5;\n}\n.opacity-60{\n  opacity: 0.6;\n}\n.opacity-70{\n  opacity: 0.7;\n}\n.opacity-75{\n  opacity: 0.75;\n}\n.opacity-80{\n  opacity: 0.8;\n}\n.opacity-90{\n  opacity: 0.9;\n}\n.shadow-2xl{\n  --tw-shadow: 0 25px 50px -12px rgb(0 0 0 / 0.25);\n  --tw-shadow-colored: 0 25px 50px -12px var(--tw-shadow-color);\n  box-shadow: var(--tw-ring-offset-shadow, 0 0 #0000), var(--tw-ring-shadow, 0 0 #0000), var(--tw-shadow);\n}\n.shadow-\\[0_0_0_1px_hsl\\(var\\(--sidebar-border\\)\\)\\]{\n  --tw-shadow: 0 0 0 1px hsl(var(--sidebar-border));\n  --tw-shadow-colored: 0 0 0 1px var(--tw-shadow-color);\n  box-shadow: var(--tw-ring-offset-shadow, 0 0 #0000), var(--tw-ring-shadow, 0 0 #0000), var(--tw-shadow);\n}\n.shadow-lg{\n  --tw-shadow: 0 10px 15px -3px rgb(0 0 0 / 0.1), 0 4px 6px -4px rgb(0 0 0 / 0.1);\n  --tw-shadow-colored: 0 10px 15px -3px var(--tw-shadow-color), 0 4px 6px -4px var(--tw-shadow-color);\n  box-shadow: var(--tw-ring-offset-shadow, 0 0 #0000), var(--tw-ring-shadow, 0 0 #0000), var(--tw-shadow);\n}\n.shadow-md{\n  --tw-shadow: 0 4px 6px -1px rgb(0 0 0 / 0.1), 0 2px 4px -2px rgb(0 0 0 / 0.1);\n  --tw-shadow-colored: 0 4px 6px -1px var(--tw-shadow-color), 0 2px 4px -2px var(--tw-shadow-color);\n  box-shadow: var(--tw-ring-offset-shadow, 0 0 #0000), var(--tw-ring-shadow, 0 0 #0000), var(--tw-shadow);\n}\n.shadow-none{\n  --tw-shadow: 0 0 #0000;\n  --tw-shadow-colored: 0 0 #0000;\n  box-shadow: var(--tw-ring-offset-shadow, 0 0 #0000), var(--tw-ring-shadow, 0 0 #0000), var(--tw-shadow);\n}\n.shadow-sm{\n  --tw-shadow: 0 1px 2px 0 rgb(0 0 0 / 0.05);\n  --tw-shadow-colored: 0 1px 2px 0 var(--tw-shadow-color);\n  box-shadow: var(--tw-ring-offset-shadow, 0 0 #0000), var(--tw-ring-shadow, 0 0 #0000), var(--tw-shadow);\n}\n.shadow-xl{\n  --tw-shadow: 0 20px 25px -5px rgb(0 0 0 / 0.1), 0 8px 10px -6px rgb(0 0 0 / 0.1);\n  --tw-shadow-colored: 0 20px 25px -5px var(--tw-shadow-color), 0 8px 10px -6px var(--tw-shadow-color);\n  box-shadow: var(--tw-ring-offset-shadow, 0 0 #0000), var(--tw-ring-shadow, 0 0 #0000), var(--tw-shadow);\n}\n.outline-none{\n  outline: 2px solid transparent;\n  outline-offset: 2px;\n}\n.outline{\n  outline-style: solid;\n}\n.ring-0{\n  --tw-ring-offset-shadow: var(--tw-ring-inset) 0 0 0 var(--tw-ring-offset-width) var(--tw-ring-offset-color);\n  --tw-ring-shadow: var(--tw-ring-inset) 0 0 0 calc(0px + var(--tw-ring-offset-width)) var(--tw-ring-color);\n  box-shadow: var(--tw-ring-offset-shadow), var(--tw-ring-shadow), var(--tw-shadow, 0 0 #0000);\n}\n.ring-2{\n  --tw-ring-offset-shadow: var(--tw-ring-inset) 0 0 0 var(--tw-ring-offset-width) var(--tw-ring-offset-color);\n  --tw-ring-shadow: var(--tw-ring-inset) 0 0 0 calc(2px + var(--tw-ring-offset-width)) var(--tw-ring-color);\n  box-shadow: var(--tw-ring-offset-shadow), var(--tw-ring-shadow), var(--tw-shadow, 0 0 #0000);\n}\n.ring-ring{\n  --tw-ring-color: hsl(var(--ring));\n}\n.ring-sidebar-ring{\n  --tw-ring-color: hsl(var(--sidebar-ring));\n}\n.ring-offset-background{\n  --tw-ring-offset-color: hsl(var(--background));\n}\n.blur-3xl{\n  --tw-blur: blur(64px);\n  filter: var(--tw-blur) var(--tw-brightness) var(--tw-contrast) var(--tw-grayscale) var(--tw-hue-rotate) var(--tw-invert) var(--tw-saturate) var(--tw-sepia) var(--tw-drop-shadow);\n}\n.filter{\n  filter: var(--tw-blur) var(--tw-brightness) var(--tw-contrast) var(--tw-grayscale) var(--tw-hue-rotate) var(--tw-invert) var(--tw-saturate) var(--tw-sepia) var(--tw-drop-shadow);\n}\n.backdrop-blur-md{\n  --tw-backdrop-blur: blur(12px);\n  backdrop-filter: var(--tw-backdrop-blur) var(--tw-backdrop-brightness) var(--tw-backdrop-contrast) var(--tw-backdrop-grayscale) var(--tw-backdrop-hue-rotate) var(--tw-backdrop-invert) var(--tw-backdrop-opacity) var(--tw-backdrop-saturate) var(--tw-backdrop-sepia);\n}\n.backdrop-blur-sm{\n  --tw-backdrop-blur: blur(4px);\n  backdrop-filter: var(--tw-backdrop-blur) var(--tw-backdrop-brightness) var(--tw-backdrop-contrast) var(--tw-backdrop-grayscale) var(--tw-backdrop-hue-rotate) var(--tw-backdrop-invert) var(--tw-backdrop-opacity) var(--tw-backdrop-saturate) var(--tw-backdrop-sepia);\n}\n.transition{\n  transition-property: color, background-color, border-color, text-decoration-color, fill, stroke, opacity, box-shadow, transform, filter, backdrop-filter;\n  transition-timing-function: cubic-bezier(0.4, 0, 0.2, 1);\n  transition-duration: 150ms;\n}\n.transition-\\[left\\2c right\\2c width\\]{\n  transition-property: left,right,width;\n  transition-timing-function: cubic-bezier(0.4, 0, 0.2, 1);\n  transition-duration: 150ms;\n}\n.transition-\\[margin\\2c opa\\]{\n  transition-property: margin,opa;\n  transition-timing-function: cubic-bezier(0.4, 0, 0.2, 1);\n  transition-duration: 150ms;\n}\n.transition-\\[width\\2c height\\2c padding\\]{\n  transition-property: width,height,padding;\n  transition-timing-function: cubic-bezier(0.4, 0, 0.2, 1);\n  transition-duration: 150ms;\n}\n.transition-\\[width\\]{\n  transition-property: width;\n  transition-timing-function: cubic-bezier(0.4, 0, 0.2, 1);\n  transition-duration: 150ms;\n}\n.transition-all{\n  transition-property: all;\n  transition-timing-function: cubic-bezier(0.4, 0, 0.2, 1);\n  transition-duration: 150ms;\n}\n.transition-colors{\n  transition-property: color, background-color, border-color, text-decoration-color, fill, stroke;\n  transition-timing-function: cubic-bezier(0.4, 0, 0.2, 1);\n  transition-duration: 150ms;\n}\n.transition-opacity{\n  transition-property: opacity;\n  transition-timing-function: cubic-bezier(0.4, 0, 0.2, 1);\n  transition-duration: 150ms;\n}\n.transition-shadow{\n  transition-property: box-shadow;\n  transition-timing-function: cubic-bezier(0.4, 0, 0.2, 1);\n  transition-duration: 150ms;\n}\n.transition-transform{\n  transition-property: transform;\n  transition-timing-function: cubic-bezier(0.4, 0, 0.2, 1);\n  transition-duration: 150ms;\n}\n.duration-1000{\n  transition-duration: 1000ms;\n}\n.duration-200{\n  transition-duration: 200ms;\n}\n.duration-300{\n  transition-duration: 300ms;\n}\n.ease-in-out{\n  transition-timing-function: cubic-bezier(0.4, 0, 0.2, 1);\n}\n.ease-linear{\n  transition-timing-function: linear;\n}\n/* Mobile-first touch targets */\n/* Better mobile scrolling */\n/* Mobile-optimized text sizes */\n/* Mobile-optimized spacing */\n/* Better mobile containers */\n/* Mobile-friendly buttons */\n/* Mobile-optimized cards */\n.file\\:border-0::file-selector-button{\n  border-width: 0px;\n}\n.file\\:bg-transparent::file-selector-button{\n  background-color: transparent;\n}\n.file\\:text-sm::file-selector-button{\n  font-size: 0.875rem;\n  line-height: 1.25rem;\n}\n.file\\:font-medium::file-selector-button{\n  font-weight: 500;\n}\n.file\\:text-foreground::file-selector-button{\n  color: hsl(var(--foreground));\n}\n.placeholder\\:text-muted-foreground::-moz-placeholder{\n  color: hsl(var(--muted-foreground));\n}\n.placeholder\\:text-muted-foreground::placeholder{\n  color: hsl(var(--muted-foreground));\n}\n.after\\:absolute::after{\n  content: var(--tw-content);\n  position: absolute;\n}\n.after\\:-inset-2::after{\n  content: var(--tw-content);\n  inset: -0.5rem;\n}\n.after\\:inset-y-0::after{\n  content: var(--tw-content);\n  top: 0px;\n  bottom: 0px;\n}\n.after\\:left-1\\/2::after{\n  content: var(--tw-content);\n  left: 50%;\n}\n.after\\:w-1::after{\n  content: var(--tw-content);\n  width: 0.25rem;\n}\n.after\\:w-\\[2px\\]::after{\n  content: var(--tw-content);\n  width: 2px;\n}\n.after\\:-translate-x-1\\/2::after{\n  content: var(--tw-content);\n  --tw-translate-x: -50%;\n  transform: translate(var(--tw-translate-x), var(--tw-translate-y)) rotate(var(--tw-rotate)) skewX(var(--tw-skew-x)) skewY(var(--tw-skew-y)) scaleX(var(--tw-scale-x)) scaleY(var(--tw-scale-y));\n}\n.first\\:rounded-l-md:first-child{\n  border-top-left-radius: calc(var(--radius) - 2px);\n  border-bottom-left-radius: calc(var(--radius) - 2px);\n}\n.first\\:border-l:first-child{\n  border-left-width: 1px;\n}\n.last\\:rounded-r-md:last-child{\n  border-top-right-radius: calc(var(--radius) - 2px);\n  border-bottom-right-radius: calc(var(--radius) - 2px);\n}\n.focus-within\\:relative:focus-within{\n  position: relative;\n}\n.focus-within\\:z-20:focus-within{\n  z-index: 20;\n}\n.hover\\:border-cyan-400:hover{\n  --tw-border-opacity: 1;\n  border-color: rgb(34 211 238 / var(--tw-border-opacity, 1));\n}\n.hover\\:border-cyan-400\\/30:hover{\n  border-color: rgb(34 211 238 / 0.3);\n}\n.hover\\:border-cyan-400\\/50:hover{\n  border-color: rgb(34 211 238 / 0.5);\n}\n.hover\\:border-white\\/40:hover{\n  border-color: rgb(255 255 255 / 0.4);\n}\n.hover\\:bg-accent:hover{\n  background-color: hsl(var(--accent));\n}\n.hover\\:bg-blue-100:hover{\n  --tw-bg-opacity: 1;\n  background-color: rgb(219 234 254 / var(--tw-bg-opacity, 1));\n}\n.hover\\:bg-blue-400:hover{\n  --tw-bg-opacity: 1;\n  background-color: rgb(96 165 250 / var(--tw-bg-opacity, 1));\n}\n.hover\\:bg-cyan-400:hover{\n  --tw-bg-opacity: 1;\n  background-color: rgb(34 211 238 / var(--tw-bg-opacity, 1));\n}\n.hover\\:bg-cyan-500:hover{\n  --tw-bg-opacity: 1;\n  background-color: rgb(6 182 212 / var(--tw-bg-opacity, 1));\n}\n.hover\\:bg-cyan-600:hover{\n  --tw-bg-opacity: 1;\n  background-color: rgb(8 145 178 / var(--tw-bg-opacity, 1));\n}\n.hover\\:bg-cyan-700:hover{\n  --tw-bg-opacity: 1;\n  background-color: rgb(14 116 144 / var(--tw-bg-opacity, 1));\n}\n.hover\\:bg-destructive:hover{\n  background-color: hsl(var(--destructive));\n}\n.hover\\:bg-destructive\\/80:hover{\n  background-color: hsl(var(--destructive) / 0.8);\n}\n.hover\\:bg-destructive\\/90:hover{\n  background-color: hsl(var(--destructive) / 0.9);\n}\n.hover\\:bg-gray-100:hover{\n  --tw-bg-opacity: 1;\n  background-color: rgb(243 244 246 / var(--tw-bg-opacity, 1));\n}\n.hover\\:bg-gray-50:hover{\n  --tw-bg-opacity: 1;\n  background-color: rgb(249 250 251 / var(--tw-bg-opacity, 1));\n}\n.hover\\:bg-green-700:hover{\n  --tw-bg-opacity: 1;\n  background-color: rgb(21 128 61 / var(--tw-bg-opacity, 1));\n}\n.hover\\:bg-muted:hover{\n  background-color: hsl(var(--muted));\n}\n.hover\\:bg-muted\\/50:hover{\n  background-color: hsl(var(--muted) / 0.5);\n}\n.hover\\:bg-primary:hover{\n  background-color: hsl(var(--primary));\n}\n.hover\\:bg-primary\\/80:hover{\n  background-color: hsl(var(--primary) / 0.8);\n}\n.hover\\:bg-primary\\/90:hover{\n  background-color: hsl(var(--primary) / 0.9);\n}\n.hover\\:bg-red-600:hover{\n  --tw-bg-opacity: 1;\n  background-color: rgb(220 38 38 / var(--tw-bg-opacity, 1));\n}\n.hover\\:bg-secondary:hover{\n  background-color: hsl(var(--secondary));\n}\n.hover\\:bg-secondary\\/80:hover{\n  background-color: hsl(var(--secondary) / 0.8);\n}\n.hover\\:bg-sidebar-accent:hover{\n  background-color: hsl(var(--sidebar-accent));\n}\n.hover\\:bg-white\\/10:hover{\n  background-color: rgb(255 255 255 / 0.1);\n}\n.hover\\:bg-white\\/20:hover{\n  background-color: rgb(255 255 255 / 0.2);\n}\n.hover\\:from-blue-600:hover{\n  --tw-gradient-from: #2563eb var(--tw-gradient-from-position);\n  --tw-gradient-to: rgb(37 99 235 / 0) var(--tw-gradient-to-position);\n  --tw-gradient-stops: var(--tw-gradient-from), var(--tw-gradient-to);\n}\n.hover\\:from-cyan-600:hover{\n  --tw-gradient-from: #0891b2 var(--tw-gradient-from-position);\n  --tw-gradient-to: rgb(8 145 178 / 0) var(--tw-gradient-to-position);\n  --tw-gradient-stops: var(--tw-gradient-from), var(--tw-gradient-to);\n}\n.hover\\:to-blue-600:hover{\n  --tw-gradient-to: #2563eb var(--tw-gradient-to-position);\n}\n.hover\\:to-purple-700:hover{\n  --tw-gradient-to: #7e22ce var(--tw-gradient-to-position);\n}\n.hover\\:stroke-cyan-400:hover{\n  stroke: #22d3ee;\n}\n.hover\\:text-accent-foreground:hover{\n  color: hsl(var(--accent-foreground));\n}\n.hover\\:text-cyan-300:hover{\n  --tw-text-opacity: 1;\n  color: rgb(103 232 249 / var(--tw-text-opacity, 1));\n}\n.hover\\:text-cyan-400:hover{\n  --tw-text-opacity: 1;\n  color: rgb(34 211 238 / var(--tw-text-opacity, 1));\n}\n.hover\\:text-destructive-foreground:hover{\n  color: hsl(var(--destructive-foreground));\n}\n.hover\\:text-foreground:hover{\n  color: hsl(var(--foreground));\n}\n.hover\\:text-gray-700:hover{\n  --tw-text-opacity: 1;\n  color: rgb(55 65 81 / var(--tw-text-opacity, 1));\n}\n.hover\\:text-muted-foreground:hover{\n  color: hsl(var(--muted-foreground));\n}\n.hover\\:text-primary-foreground:hover{\n  color: hsl(var(--primary-foreground));\n}\n.hover\\:text-red-300:hover{\n  --tw-text-opacity: 1;\n  color: rgb(252 165 165 / var(--tw-text-opacity, 1));\n}\n.hover\\:text-sidebar-accent-foreground:hover{\n  color: hsl(var(--sidebar-accent-foreground));\n}\n.hover\\:text-slate-300:hover{\n  --tw-text-opacity: 1;\n  color: rgb(203 213 225 / var(--tw-text-opacity, 1));\n}\n.hover\\:text-slate-900:hover{\n  --tw-text-opacity: 1;\n  color: rgb(15 23 42 / var(--tw-text-opacity, 1));\n}\n.hover\\:text-white:hover{\n  --tw-text-opacity: 1;\n  color: rgb(255 255 255 / var(--tw-text-opacity, 1));\n}\n.hover\\:text-white\\/70:hover{\n  color: rgb(255 255 255 / 0.7);\n}\n.hover\\:underline:hover{\n  text-decoration-line: underline;\n}\n.hover\\:opacity-100:hover{\n  opacity: 1;\n}\n.hover\\:opacity-80:hover{\n  opacity: 0.8;\n}\n.hover\\:shadow-\\[0_0_0_1px_hsl\\(var\\(--sidebar-accent\\)\\)\\]:hover{\n  --tw-shadow: 0 0 0 1px hsl(var(--sidebar-accent));\n  --tw-shadow-colored: 0 0 0 1px var(--tw-shadow-color);\n  box-shadow: var(--tw-ring-offset-shadow, 0 0 #0000), var(--tw-ring-shadow, 0 0 #0000), var(--tw-shadow);\n}\n.hover\\:shadow-lg:hover{\n  --tw-shadow: 0 10px 15px -3px rgb(0 0 0 / 0.1), 0 4px 6px -4px rgb(0 0 0 / 0.1);\n  --tw-shadow-colored: 0 10px 15px -3px var(--tw-shadow-color), 0 4px 6px -4px var(--tw-shadow-color);\n  box-shadow: var(--tw-ring-offset-shadow, 0 0 #0000), var(--tw-ring-shadow, 0 0 #0000), var(--tw-shadow);\n}\n.hover\\:shadow-md:hover{\n  --tw-shadow: 0 4px 6px -1px rgb(0 0 0 / 0.1), 0 2px 4px -2px rgb(0 0 0 / 0.1);\n  --tw-shadow-colored: 0 4px 6px -1px var(--tw-shadow-color), 0 2px 4px -2px var(--tw-shadow-color);\n  box-shadow: var(--tw-ring-offset-shadow, 0 0 #0000), var(--tw-ring-shadow, 0 0 #0000), var(--tw-shadow);\n}\n.hover\\:shadow-xl:hover{\n  --tw-shadow: 0 20px 25px -5px rgb(0 0 0 / 0.1), 0 8px 10px -6px rgb(0 0 0 / 0.1);\n  --tw-shadow-colored: 0 20px 25px -5px var(--tw-shadow-color), 0 8px 10px -6px var(--tw-shadow-color);\n  box-shadow: var(--tw-ring-offset-shadow, 0 0 #0000), var(--tw-ring-shadow, 0 0 #0000), var(--tw-shadow);\n}\n.hover\\:shadow-cyan-500\\/20:hover{\n  --tw-shadow-color: rgb(6 182 212 / 0.2);\n  --tw-shadow: var(--tw-shadow-colored);\n}\n.hover\\:after\\:bg-sidebar-border:hover::after{\n  content: var(--tw-content);\n  background-color: hsl(var(--sidebar-border));\n}\n.focus\\:not-sr-only:focus{\n  position: static;\n  width: auto;\n  height: auto;\n  padding: 0;\n  margin: 0;\n  overflow: visible;\n  clip: auto;\n  white-space: normal;\n}\n.focus\\:absolute:focus{\n  position: absolute;\n}\n.focus\\:left-4:focus{\n  left: 1rem;\n}\n.focus\\:top-4:focus{\n  top: 1rem;\n}\n.focus\\:border-cyan-400:focus{\n  --tw-border-opacity: 1;\n  border-color: rgb(34 211 238 / var(--tw-border-opacity, 1));\n}\n.focus\\:border-cyan-400\\/50:focus{\n  border-color: rgb(34 211 238 / 0.5);\n}\n.focus\\:bg-accent:focus{\n  background-color: hsl(var(--accent));\n}\n.focus\\:bg-primary:focus{\n  background-color: hsl(var(--primary));\n}\n.focus\\:text-accent-foreground:focus{\n  color: hsl(var(--accent-foreground));\n}\n.focus\\:text-primary-foreground:focus{\n  color: hsl(var(--primary-foreground));\n}\n.focus\\:opacity-100:focus{\n  opacity: 1;\n}\n.focus\\:outline-none:focus{\n  outline: 2px solid transparent;\n  outline-offset: 2px;\n}\n.focus\\:ring-2:focus{\n  --tw-ring-offset-shadow: var(--tw-ring-inset) 0 0 0 var(--tw-ring-offset-width) var(--tw-ring-offset-color);\n  --tw-ring-shadow: var(--tw-ring-inset) 0 0 0 calc(2px + var(--tw-ring-offset-width)) var(--tw-ring-color);\n  box-shadow: var(--tw-ring-offset-shadow), var(--tw-ring-shadow), var(--tw-shadow, 0 0 #0000);\n}\n.focus\\:ring-blue-500:focus{\n  --tw-ring-opacity: 1;\n  --tw-ring-color: rgb(59 130 246 / var(--tw-ring-opacity, 1));\n}\n.focus\\:ring-cyan-300:focus{\n  --tw-ring-opacity: 1;\n  --tw-ring-color: rgb(103 232 249 / var(--tw-ring-opacity, 1));\n}\n.focus\\:ring-cyan-400\\/20:focus{\n  --tw-ring-color: rgb(34 211 238 / 0.2);\n}\n.focus\\:ring-ring:focus{\n  --tw-ring-color: hsl(var(--ring));\n}\n.focus\\:ring-offset-2:focus{\n  --tw-ring-offset-width: 2px;\n}\n.focus-visible\\:outline-none:focus-visible{\n  outline: 2px solid transparent;\n  outline-offset: 2px;\n}\n.focus-visible\\:ring-1:focus-visible{\n  --tw-ring-offset-shadow: var(--tw-ring-inset) 0 0 0 var(--tw-ring-offset-width) var(--tw-ring-offset-color);\n  --tw-ring-shadow: var(--tw-ring-inset) 0 0 0 calc(1px + var(--tw-ring-offset-width)) var(--tw-ring-color);\n  box-shadow: var(--tw-ring-offset-shadow), var(--tw-ring-shadow), var(--tw-shadow, 0 0 #0000);\n}\n.focus-visible\\:ring-2:focus-visible{\n  --tw-ring-offset-shadow: var(--tw-ring-inset) 0 0 0 var(--tw-ring-offset-width) var(--tw-ring-offset-color);\n  --tw-ring-shadow: var(--tw-ring-inset) 0 0 0 calc(2px + var(--tw-ring-offset-width)) var(--tw-ring-color);\n  box-shadow: var(--tw-ring-offset-shadow), var(--tw-ring-shadow), var(--tw-shadow, 0 0 #0000);\n}\n.focus-visible\\:ring-ring:focus-visible{\n  --tw-ring-color: hsl(var(--ring));\n}\n.focus-visible\\:ring-sidebar-ring:focus-visible{\n  --tw-ring-color: hsl(var(--sidebar-ring));\n}\n.focus-visible\\:ring-offset-1:focus-visible{\n  --tw-ring-offset-width: 1px;\n}\n.focus-visible\\:ring-offset-2:focus-visible{\n  --tw-ring-offset-width: 2px;\n}\n.focus-visible\\:ring-offset-background:focus-visible{\n  --tw-ring-offset-color: hsl(var(--background));\n}\n.active\\:bg-sidebar-accent:active{\n  background-color: hsl(var(--sidebar-accent));\n}\n.active\\:text-sidebar-accent-foreground:active{\n  color: hsl(var(--sidebar-accent-foreground));\n}\n.disabled\\:pointer-events-none:disabled{\n  pointer-events: none;\n}\n.disabled\\:cursor-not-allowed:disabled{\n  cursor: not-allowed;\n}\n.disabled\\:bg-cyan-400\\/50:disabled{\n  background-color: rgb(34 211 238 / 0.5);\n}\n.disabled\\:opacity-50:disabled{\n  opacity: 0.5;\n}\n.group\\/menu-item:focus-within .group-focus-within\\/menu-item\\:opacity-100{\n  opacity: 1;\n}\n.group:hover .group-hover\\:bg-cyan-400\\/20{\n  background-color: rgb(34 211 238 / 0.2);\n}\n.group:hover .group-hover\\:text-cyan-100{\n  --tw-text-opacity: 1;\n  color: rgb(207 250 254 / var(--tw-text-opacity, 1));\n}\n.group:hover .group-hover\\:text-cyan-300{\n  --tw-text-opacity: 1;\n  color: rgb(103 232 249 / var(--tw-text-opacity, 1));\n}\n.group:hover .group-hover\\:text-white\\/90{\n  color: rgb(255 255 255 / 0.9);\n}\n.group\\/menu-item:hover .group-hover\\/menu-item\\:opacity-100{\n  opacity: 1;\n}\n.group:hover .group-hover\\:opacity-100{\n  opacity: 1;\n}\n.group.destructive .group-\\[\\.destructive\\]\\:border-muted\\/40{\n  border-color: hsl(var(--muted) / 0.4);\n}\n.group.toaster .group-\\[\\.toaster\\]\\:border-border{\n  border-color: hsl(var(--border));\n}\n.group.toast .group-\\[\\.toast\\]\\:bg-muted{\n  background-color: hsl(var(--muted));\n}\n.group.toast .group-\\[\\.toast\\]\\:bg-primary{\n  background-color: hsl(var(--primary));\n}\n.group.toaster .group-\\[\\.toaster\\]\\:bg-background{\n  background-color: hsl(var(--background));\n}\n.group.destructive .group-\\[\\.destructive\\]\\:text-red-300{\n  --tw-text-opacity: 1;\n  color: rgb(252 165 165 / var(--tw-text-opacity, 1));\n}\n.group.toast .group-\\[\\.toast\\]\\:text-muted-foreground{\n  color: hsl(var(--muted-foreground));\n}\n.group.toast .group-\\[\\.toast\\]\\:text-primary-foreground{\n  color: hsl(var(--primary-foreground));\n}\n.group.toaster .group-\\[\\.toaster\\]\\:text-foreground{\n  color: hsl(var(--foreground));\n}\n.group.toaster .group-\\[\\.toaster\\]\\:shadow-lg{\n  --tw-shadow: 0 10px 15px -3px rgb(0 0 0 / 0.1), 0 4px 6px -4px rgb(0 0 0 / 0.1);\n  --tw-shadow-colored: 0 10px 15px -3px var(--tw-shadow-color), 0 4px 6px -4px var(--tw-shadow-color);\n  box-shadow: var(--tw-ring-offset-shadow, 0 0 #0000), var(--tw-ring-shadow, 0 0 #0000), var(--tw-shadow);\n}\n.group.destructive .group-\\[\\.destructive\\]\\:hover\\:border-destructive\\/30:hover{\n  border-color: hsl(var(--destructive) / 0.3);\n}\n.group.destructive .group-\\[\\.destructive\\]\\:hover\\:bg-destructive:hover{\n  background-color: hsl(var(--destructive));\n}\n.group.destructive .group-\\[\\.destructive\\]\\:hover\\:text-destructive-foreground:hover{\n  color: hsl(var(--destructive-foreground));\n}\n.group.destructive .group-\\[\\.destructive\\]\\:hover\\:text-red-50:hover{\n  --tw-text-opacity: 1;\n  color: rgb(254 242 242 / var(--tw-text-opacity, 1));\n}\n.group.destructive .group-\\[\\.destructive\\]\\:focus\\:ring-destructive:focus{\n  --tw-ring-color: hsl(var(--destructive));\n}\n.group.destructive .group-\\[\\.destructive\\]\\:focus\\:ring-red-400:focus{\n  --tw-ring-opacity: 1;\n  --tw-ring-color: rgb(248 113 113 / var(--tw-ring-opacity, 1));\n}\n.group.destructive .group-\\[\\.destructive\\]\\:focus\\:ring-offset-red-600:focus{\n  --tw-ring-offset-color: #dc2626;\n}\n.peer\\/menu-button:hover ~ .peer-hover\\/menu-button\\:text-sidebar-accent-foreground{\n  color: hsl(var(--sidebar-accent-foreground));\n}\n.peer:disabled ~ .peer-disabled\\:cursor-not-allowed{\n  cursor: not-allowed;\n}\n.peer:disabled ~ .peer-disabled\\:opacity-70{\n  opacity: 0.7;\n}\n.has-\\[\\[data-variant\\=inset\\]\\]\\:bg-sidebar:has([data-variant=inset]){\n  background-color: hsl(var(--sidebar-background));\n}\n.has-\\[\\:disabled\\]\\:opacity-50:has(:disabled){\n  opacity: 0.5;\n}\n.group\\/menu-item:has([data-sidebar=menu-action]) .group-has-\\[\\[data-sidebar\\=menu-action\\]\\]\\/menu-item\\:pr-8{\n  padding-right: 2rem;\n}\n.aria-disabled\\:pointer-events-none[aria-disabled=\"true\"]{\n  pointer-events: none;\n}\n.aria-disabled\\:opacity-50[aria-disabled=\"true\"]{\n  opacity: 0.5;\n}\n.aria-selected\\:bg-accent[aria-selected=\"true\"]{\n  background-color: hsl(var(--accent));\n}\n.aria-selected\\:bg-accent\\/50[aria-selected=\"true\"]{\n  background-color: hsl(var(--accent) / 0.5);\n}\n.aria-selected\\:text-accent-foreground[aria-selected=\"true\"]{\n  color: hsl(var(--accent-foreground));\n}\n.aria-selected\\:text-muted-foreground[aria-selected=\"true\"]{\n  color: hsl(var(--muted-foreground));\n}\n.aria-selected\\:opacity-100[aria-selected=\"true\"]{\n  opacity: 1;\n}\n.aria-selected\\:opacity-30[aria-selected=\"true\"]{\n  opacity: 0.3;\n}\n.data-\\[disabled\\=true\\]\\:pointer-events-none[data-disabled=\"true\"]{\n  pointer-events: none;\n}\n.data-\\[disabled\\]\\:pointer-events-none[data-disabled]{\n  pointer-events: none;\n}\n.data-\\[panel-group-direction\\=vertical\\]\\:h-px[data-panel-group-direction=\"vertical\"]{\n  height: 1px;\n}\n.data-\\[panel-group-direction\\=vertical\\]\\:w-full[data-panel-group-direction=\"vertical\"]{\n  width: 100%;\n}\n.data-\\[side\\=bottom\\]\\:translate-y-1[data-side=\"bottom\"]{\n  --tw-translate-y: 0.25rem;\n  transform: translate(var(--tw-translate-x), var(--tw-translate-y)) rotate(var(--tw-rotate)) skewX(var(--tw-skew-x)) skewY(var(--tw-skew-y)) scaleX(var(--tw-scale-x)) scaleY(var(--tw-scale-y));\n}\n.data-\\[side\\=left\\]\\:-translate-x-1[data-side=\"left\"]{\n  --tw-translate-x: -0.25rem;\n  transform: translate(var(--tw-translate-x), var(--tw-translate-y)) rotate(var(--tw-rotate)) skewX(var(--tw-skew-x)) skewY(var(--tw-skew-y)) scaleX(var(--tw-scale-x)) scaleY(var(--tw-scale-y));\n}\n.data-\\[side\\=right\\]\\:translate-x-1[data-side=\"right\"]{\n  --tw-translate-x: 0.25rem;\n  transform: translate(var(--tw-translate-x), var(--tw-translate-y)) rotate(var(--tw-rotate)) skewX(var(--tw-skew-x)) skewY(var(--tw-skew-y)) scaleX(var(--tw-scale-x)) scaleY(var(--tw-scale-y));\n}\n.data-\\[side\\=top\\]\\:-translate-y-1[data-side=\"top\"]{\n  --tw-translate-y: -0.25rem;\n  transform: translate(var(--tw-translate-x), var(--tw-translate-y)) rotate(var(--tw-rotate)) skewX(var(--tw-skew-x)) skewY(var(--tw-skew-y)) scaleX(var(--tw-scale-x)) scaleY(var(--tw-scale-y));\n}\n.data-\\[state\\=checked\\]\\:translate-x-5[data-state=\"checked\"]{\n  --tw-translate-x: 1.25rem;\n  transform: translate(var(--tw-translate-x), var(--tw-translate-y)) rotate(var(--tw-rotate)) skewX(var(--tw-skew-x)) skewY(var(--tw-skew-y)) scaleX(var(--tw-scale-x)) scaleY(var(--tw-scale-y));\n}\n.data-\\[state\\=unchecked\\]\\:translate-x-0[data-state=\"unchecked\"]{\n  --tw-translate-x: 0px;\n  transform: translate(var(--tw-translate-x), var(--tw-translate-y)) rotate(var(--tw-rotate)) skewX(var(--tw-skew-x)) skewY(var(--tw-skew-y)) scaleX(var(--tw-scale-x)) scaleY(var(--tw-scale-y));\n}\n.data-\\[swipe\\=cancel\\]\\:translate-x-0[data-swipe=\"cancel\"]{\n  --tw-translate-x: 0px;\n  transform: translate(var(--tw-translate-x), var(--tw-translate-y)) rotate(var(--tw-rotate)) skewX(var(--tw-skew-x)) skewY(var(--tw-skew-y)) scaleX(var(--tw-scale-x)) scaleY(var(--tw-scale-y));\n}\n.data-\\[swipe\\=end\\]\\:translate-x-\\[var\\(--radix-toast-swipe-end-x\\)\\][data-swipe=\"end\"]{\n  --tw-translate-x: var(--radix-toast-swipe-end-x);\n  transform: translate(var(--tw-translate-x), var(--tw-translate-y)) rotate(var(--tw-rotate)) skewX(var(--tw-skew-x)) skewY(var(--tw-skew-y)) scaleX(var(--tw-scale-x)) scaleY(var(--tw-scale-y));\n}\n.data-\\[swipe\\=move\\]\\:translate-x-\\[var\\(--radix-toast-swipe-move-x\\)\\][data-swipe=\"move\"]{\n  --tw-translate-x: var(--radix-toast-swipe-move-x);\n  transform: translate(var(--tw-translate-x), var(--tw-translate-y)) rotate(var(--tw-rotate)) skewX(var(--tw-skew-x)) skewY(var(--tw-skew-y)) scaleX(var(--tw-scale-x)) scaleY(var(--tw-scale-y));\n}\n@keyframes accordion-up{\n  from{\n    height: var(--radix-accordion-content-height);\n  }\n  to{\n    height: 0;\n  }\n}\n.data-\\[state\\=closed\\]\\:animate-accordion-up[data-state=\"closed\"]{\n  animation: accordion-up 0.2s ease-out;\n}\n@keyframes accordion-down{\n  from{\n    height: 0;\n  }\n  to{\n    height: var(--radix-accordion-content-height);\n  }\n}\n.data-\\[state\\=open\\]\\:animate-accordion-down[data-state=\"open\"]{\n  animation: accordion-down 0.2s ease-out;\n}\n.data-\\[panel-group-direction\\=vertical\\]\\:flex-col[data-panel-group-direction=\"vertical\"]{\n  flex-direction: column;\n}\n.data-\\[active\\=true\\]\\:bg-sidebar-accent[data-active=\"true\"]{\n  background-color: hsl(var(--sidebar-accent));\n}\n.data-\\[active\\]\\:bg-accent\\/50[data-active]{\n  background-color: hsl(var(--accent) / 0.5);\n}\n.data-\\[selected\\=\\'true\\'\\]\\:bg-accent[data-selected='true']{\n  background-color: hsl(var(--accent));\n}\n.data-\\[state\\=active\\]\\:bg-background[data-state=\"active\"]{\n  background-color: hsl(var(--background));\n}\n.data-\\[state\\=checked\\]\\:bg-primary[data-state=\"checked\"]{\n  background-color: hsl(var(--primary));\n}\n.data-\\[state\\=on\\]\\:bg-accent[data-state=\"on\"]{\n  background-color: hsl(var(--accent));\n}\n.data-\\[state\\=open\\]\\:bg-accent[data-state=\"open\"]{\n  background-color: hsl(var(--accent));\n}\n.data-\\[state\\=open\\]\\:bg-accent\\/50[data-state=\"open\"]{\n  background-color: hsl(var(--accent) / 0.5);\n}\n.data-\\[state\\=open\\]\\:bg-secondary[data-state=\"open\"]{\n  background-color: hsl(var(--secondary));\n}\n.data-\\[state\\=selected\\]\\:bg-muted[data-state=\"selected\"]{\n  background-color: hsl(var(--muted));\n}\n.data-\\[state\\=unchecked\\]\\:bg-input[data-state=\"unchecked\"]{\n  background-color: hsl(var(--input));\n}\n.data-\\[active\\=true\\]\\:font-medium[data-active=\"true\"]{\n  font-weight: 500;\n}\n.data-\\[active\\=true\\]\\:text-sidebar-accent-foreground[data-active=\"true\"]{\n  color: hsl(var(--sidebar-accent-foreground));\n}\n.data-\\[selected\\=true\\]\\:text-accent-foreground[data-selected=\"true\"]{\n  color: hsl(var(--accent-foreground));\n}\n.data-\\[state\\=active\\]\\:text-foreground[data-state=\"active\"]{\n  color: hsl(var(--foreground));\n}\n.data-\\[state\\=checked\\]\\:text-primary-foreground[data-state=\"checked\"]{\n  color: hsl(var(--primary-foreground));\n}\n.data-\\[state\\=on\\]\\:text-accent-foreground[data-state=\"on\"]{\n  color: hsl(var(--accent-foreground));\n}\n.data-\\[state\\=open\\]\\:text-accent-foreground[data-state=\"open\"]{\n  color: hsl(var(--accent-foreground));\n}\n.data-\\[state\\=open\\]\\:text-muted-foreground[data-state=\"open\"]{\n  color: hsl(var(--muted-foreground));\n}\n.data-\\[disabled\\=true\\]\\:opacity-50[data-disabled=\"true\"]{\n  opacity: 0.5;\n}\n.data-\\[disabled\\]\\:opacity-50[data-disabled]{\n  opacity: 0.5;\n}\n.data-\\[state\\=open\\]\\:opacity-100[data-state=\"open\"]{\n  opacity: 1;\n}\n.data-\\[state\\=active\\]\\:shadow-sm[data-state=\"active\"]{\n  --tw-shadow: 0 1px 2px 0 rgb(0 0 0 / 0.05);\n  --tw-shadow-colored: 0 1px 2px 0 var(--tw-shadow-color);\n  box-shadow: var(--tw-ring-offset-shadow, 0 0 #0000), var(--tw-ring-shadow, 0 0 #0000), var(--tw-shadow);\n}\n.data-\\[swipe\\=move\\]\\:transition-none[data-swipe=\"move\"]{\n  transition-property: none;\n}\n.data-\\[state\\=closed\\]\\:duration-300[data-state=\"closed\"]{\n  transition-duration: 300ms;\n}\n.data-\\[state\\=open\\]\\:duration-500[data-state=\"open\"]{\n  transition-duration: 500ms;\n}\n.data-\\[panel-group-direction\\=vertical\\]\\:after\\:left-0[data-panel-group-direction=\"vertical\"]::after{\n  content: var(--tw-content);\n  left: 0px;\n}\n.data-\\[panel-group-direction\\=vertical\\]\\:after\\:h-1[data-panel-group-direction=\"vertical\"]::after{\n  content: var(--tw-content);\n  height: 0.25rem;\n}\n.data-\\[panel-group-direction\\=vertical\\]\\:after\\:w-full[data-panel-group-direction=\"vertical\"]::after{\n  content: var(--tw-content);\n  width: 100%;\n}\n.data-\\[panel-group-direction\\=vertical\\]\\:after\\:-translate-y-1\\/2[data-panel-group-direction=\"vertical\"]::after{\n  content: var(--tw-content);\n  --tw-translate-y: -50%;\n  transform: translate(var(--tw-translate-x), var(--tw-translate-y)) rotate(var(--tw-rotate)) skewX(var(--tw-skew-x)) skewY(var(--tw-skew-y)) scaleX(var(--tw-scale-x)) scaleY(var(--tw-scale-y));\n}\n.data-\\[panel-group-direction\\=vertical\\]\\:after\\:translate-x-0[data-panel-group-direction=\"vertical\"]::after{\n  content: var(--tw-content);\n  --tw-translate-x: 0px;\n  transform: translate(var(--tw-translate-x), var(--tw-translate-y)) rotate(var(--tw-rotate)) skewX(var(--tw-skew-x)) skewY(var(--tw-skew-y)) scaleX(var(--tw-scale-x)) scaleY(var(--tw-scale-y));\n}\n.data-\\[state\\=open\\]\\:hover\\:bg-sidebar-accent:hover[data-state=\"open\"]{\n  background-color: hsl(var(--sidebar-accent));\n}\n.data-\\[state\\=open\\]\\:hover\\:text-sidebar-accent-foreground:hover[data-state=\"open\"]{\n  color: hsl(var(--sidebar-accent-foreground));\n}\n.group[data-collapsible=\"offcanvas\"] .group-data-\\[collapsible\\=offcanvas\\]\\:left-\\[calc\\(var\\(--sidebar-width\\)\\*-1\\)\\]{\n  left: calc(var(--sidebar-width) * -1);\n}\n.group[data-collapsible=\"offcanvas\"] .group-data-\\[collapsible\\=offcanvas\\]\\:right-\\[calc\\(var\\(--sidebar-width\\)\\*-1\\)\\]{\n  right: calc(var(--sidebar-width) * -1);\n}\n.group[data-side=\"left\"] .group-data-\\[side\\=left\\]\\:-right-4{\n  right: -1rem;\n}\n.group[data-side=\"right\"] .group-data-\\[side\\=right\\]\\:left-0{\n  left: 0px;\n}\n.group[data-collapsible=\"icon\"] .group-data-\\[collapsible\\=icon\\]\\:-mt-8{\n  margin-top: -2rem;\n}\n.group[data-collapsible=\"icon\"] .group-data-\\[collapsible\\=icon\\]\\:hidden{\n  display: none;\n}\n.group[data-collapsible=\"icon\"] .group-data-\\[collapsible\\=icon\\]\\:\\!size-8{\n  width: 2rem !important;\n  height: 2rem !important;\n}\n.group[data-collapsible=\"icon\"] .group-data-\\[collapsible\\=icon\\]\\:w-\\[--sidebar-width-icon\\]{\n  width: var(--sidebar-width-icon);\n}\n.group[data-collapsible=\"icon\"] .group-data-\\[collapsible\\=icon\\]\\:w-\\[calc\\(var\\(--sidebar-width-icon\\)_\\+_theme\\(spacing\\.4\\)\\)\\]{\n  width: calc(var(--sidebar-width-icon) + 1rem);\n}\n.group[data-collapsible=\"icon\"] .group-data-\\[collapsible\\=icon\\]\\:w-\\[calc\\(var\\(--sidebar-width-icon\\)_\\+_theme\\(spacing\\.4\\)_\\+2px\\)\\]{\n  width: calc(var(--sidebar-width-icon) + 1rem + 2px);\n}\n.group[data-collapsible=\"offcanvas\"] .group-data-\\[collapsible\\=offcanvas\\]\\:w-0{\n  width: 0px;\n}\n.group[data-collapsible=\"offcanvas\"] .group-data-\\[collapsible\\=offcanvas\\]\\:translate-x-0{\n  --tw-translate-x: 0px;\n  transform: translate(var(--tw-translate-x), var(--tw-translate-y)) rotate(var(--tw-rotate)) skewX(var(--tw-skew-x)) skewY(var(--tw-skew-y)) scaleX(var(--tw-scale-x)) scaleY(var(--tw-scale-y));\n}\n.group[data-side=\"right\"] .group-data-\\[side\\=right\\]\\:rotate-180{\n  --tw-rotate: 180deg;\n  transform: translate(var(--tw-translate-x), var(--tw-translate-y)) rotate(var(--tw-rotate)) skewX(var(--tw-skew-x)) skewY(var(--tw-skew-y)) scaleX(var(--tw-scale-x)) scaleY(var(--tw-scale-y));\n}\n.group[data-state=\"open\"] .group-data-\\[state\\=open\\]\\:rotate-180{\n  --tw-rotate: 180deg;\n  transform: translate(var(--tw-translate-x), var(--tw-translate-y)) rotate(var(--tw-rotate)) skewX(var(--tw-skew-x)) skewY(var(--tw-skew-y)) scaleX(var(--tw-scale-x)) scaleY(var(--tw-scale-y));\n}\n.group[data-collapsible=\"icon\"] .group-data-\\[collapsible\\=icon\\]\\:overflow-hidden{\n  overflow: hidden;\n}\n.group[data-variant=\"floating\"] .group-data-\\[variant\\=floating\\]\\:rounded-lg{\n  border-radius: var(--radius);\n}\n.group[data-variant=\"floating\"] .group-data-\\[variant\\=floating\\]\\:border{\n  border-width: 1px;\n}\n.group[data-side=\"left\"] .group-data-\\[side\\=left\\]\\:border-r{\n  border-right-width: 1px;\n}\n.group[data-side=\"right\"] .group-data-\\[side\\=right\\]\\:border-l{\n  border-left-width: 1px;\n}\n.group[data-variant=\"floating\"] .group-data-\\[variant\\=floating\\]\\:border-sidebar-border{\n  border-color: hsl(var(--sidebar-border));\n}\n.group[data-collapsible=\"icon\"] .group-data-\\[collapsible\\=icon\\]\\:\\!p-0{\n  padding: 0px !important;\n}\n.group[data-collapsible=\"icon\"] .group-data-\\[collapsible\\=icon\\]\\:\\!p-2{\n  padding: 0.5rem !important;\n}\n.group[data-collapsible=\"icon\"] .group-data-\\[collapsible\\=icon\\]\\:opacity-0{\n  opacity: 0;\n}\n.group[data-variant=\"floating\"] .group-data-\\[variant\\=floating\\]\\:shadow{\n  --tw-shadow: 0 1px 3px 0 rgb(0 0 0 / 0.1), 0 1px 2px -1px rgb(0 0 0 / 0.1);\n  --tw-shadow-colored: 0 1px 3px 0 var(--tw-shadow-color), 0 1px 2px -1px var(--tw-shadow-color);\n  box-shadow: var(--tw-ring-offset-shadow, 0 0 #0000), var(--tw-ring-shadow, 0 0 #0000), var(--tw-shadow);\n}\n.group[data-collapsible=\"offcanvas\"] .group-data-\\[collapsible\\=offcanvas\\]\\:after\\:left-full::after{\n  content: var(--tw-content);\n  left: 100%;\n}\n.group[data-collapsible=\"offcanvas\"] .group-data-\\[collapsible\\=offcanvas\\]\\:hover\\:bg-sidebar:hover{\n  background-color: hsl(var(--sidebar-background));\n}\n.peer\\/menu-button[data-size=\"default\"] ~ .peer-data-\\[size\\=default\\]\\/menu-button\\:top-1\\.5{\n  top: 0.375rem;\n}\n.peer\\/menu-button[data-size=\"lg\"] ~ .peer-data-\\[size\\=lg\\]\\/menu-button\\:top-2\\.5{\n  top: 0.625rem;\n}\n.peer\\/menu-button[data-size=\"sm\"] ~ .peer-data-\\[size\\=sm\\]\\/menu-button\\:top-1{\n  top: 0.25rem;\n}\n.peer[data-variant=\"inset\"] ~ .peer-data-\\[variant\\=inset\\]\\:min-h-\\[calc\\(100svh-theme\\(spacing\\.4\\)\\)\\]{\n  min-height: calc(100svh - 1rem);\n}\n.peer\\/menu-button[data-active=\"true\"] ~ .peer-data-\\[active\\=true\\]\\/menu-button\\:text-sidebar-accent-foreground{\n  color: hsl(var(--sidebar-accent-foreground));\n}\n.dark\\:-rotate-90:is(.dark *){\n  --tw-rotate: -90deg;\n  transform: translate(var(--tw-translate-x), var(--tw-translate-y)) rotate(var(--tw-rotate)) skewX(var(--tw-skew-x)) skewY(var(--tw-skew-y)) scaleX(var(--tw-scale-x)) scaleY(var(--tw-scale-y));\n}\n.dark\\:rotate-0:is(.dark *){\n  --tw-rotate: 0deg;\n  transform: translate(var(--tw-translate-x), var(--tw-translate-y)) rotate(var(--tw-rotate)) skewX(var(--tw-skew-x)) skewY(var(--tw-skew-y)) scaleX(var(--tw-scale-x)) scaleY(var(--tw-scale-y));\n}\n.dark\\:scale-0:is(.dark *){\n  --tw-scale-x: 0;\n  --tw-scale-y: 0;\n  transform: translate(var(--tw-translate-x), var(--tw-translate-y)) rotate(var(--tw-rotate)) skewX(var(--tw-skew-x)) skewY(var(--tw-skew-y)) scaleX(var(--tw-scale-x)) scaleY(var(--tw-scale-y));\n}\n.dark\\:scale-100:is(.dark *){\n  --tw-scale-x: 1;\n  --tw-scale-y: 1;\n  transform: translate(var(--tw-translate-x), var(--tw-translate-y)) rotate(var(--tw-rotate)) skewX(var(--tw-skew-x)) skewY(var(--tw-skew-y)) scaleX(var(--tw-scale-x)) scaleY(var(--tw-scale-y));\n}\n.dark\\:border-destructive:is(.dark *){\n  border-color: hsl(var(--destructive));\n}\n.dark\\:border-gray-600:is(.dark *){\n  --tw-border-opacity: 1;\n  border-color: rgb(75 85 99 / var(--tw-border-opacity, 1));\n}\n.dark\\:border-gray-700:is(.dark *){\n  --tw-border-opacity: 1;\n  border-color: rgb(55 65 81 / var(--tw-border-opacity, 1));\n}\n.dark\\:border-green-800:is(.dark *){\n  --tw-border-opacity: 1;\n  border-color: rgb(22 101 52 / var(--tw-border-opacity, 1));\n}\n.dark\\:border-red-800:is(.dark *){\n  --tw-border-opacity: 1;\n  border-color: rgb(153 27 27 / var(--tw-border-opacity, 1));\n}\n.dark\\:bg-blue-900:is(.dark *){\n  --tw-bg-opacity: 1;\n  background-color: rgb(30 58 138 / var(--tw-bg-opacity, 1));\n}\n.dark\\:bg-gray-700:is(.dark *){\n  --tw-bg-opacity: 1;\n  background-color: rgb(55 65 81 / var(--tw-bg-opacity, 1));\n}\n.dark\\:bg-gray-800:is(.dark *){\n  --tw-bg-opacity: 1;\n  background-color: rgb(31 41 55 / var(--tw-bg-opacity, 1));\n}\n.dark\\:bg-green-900\\/20:is(.dark *){\n  background-color: rgb(20 83 45 / 0.2);\n}\n.dark\\:bg-green-900\\/30:is(.dark *){\n  background-color: rgb(20 83 45 / 0.3);\n}\n.dark\\:bg-red-900\\/20:is(.dark *){\n  background-color: rgb(127 29 29 / 0.2);\n}\n.dark\\:bg-red-900\\/30:is(.dark *){\n  background-color: rgb(127 29 29 / 0.3);\n}\n.dark\\:from-slate-900:is(.dark *){\n  --tw-gradient-from: #0f172a var(--tw-gradient-from-position);\n  --tw-gradient-to: rgb(15 23 42 / 0) var(--tw-gradient-to-position);\n  --tw-gradient-stops: var(--tw-gradient-from), var(--tw-gradient-to);\n}\n.dark\\:to-slate-800:is(.dark *){\n  --tw-gradient-to: #1e293b var(--tw-gradient-to-position);\n}\n.dark\\:text-blue-300:is(.dark *){\n  --tw-text-opacity: 1;\n  color: rgb(147 197 253 / var(--tw-text-opacity, 1));\n}\n.dark\\:text-gray-300:is(.dark *){\n  --tw-text-opacity: 1;\n  color: rgb(209 213 219 / var(--tw-text-opacity, 1));\n}\n.dark\\:text-gray-400:is(.dark *){\n  --tw-text-opacity: 1;\n  color: rgb(156 163 175 / var(--tw-text-opacity, 1));\n}\n.dark\\:text-slate-100:is(.dark *){\n  --tw-text-opacity: 1;\n  color: rgb(241 245 249 / var(--tw-text-opacity, 1));\n}\n.dark\\:text-slate-400:is(.dark *){\n  --tw-text-opacity: 1;\n  color: rgb(148 163 184 / var(--tw-text-opacity, 1));\n}\n.dark\\:text-white:is(.dark *){\n  --tw-text-opacity: 1;\n  color: rgb(255 255 255 / var(--tw-text-opacity, 1));\n}\n.dark\\:hover\\:bg-gray-700:hover:is(.dark *){\n  --tw-bg-opacity: 1;\n  background-color: rgb(55 65 81 / var(--tw-bg-opacity, 1));\n}\n.dark\\:hover\\:text-gray-200:hover:is(.dark *){\n  --tw-text-opacity: 1;\n  color: rgb(229 231 235 / var(--tw-text-opacity, 1));\n}\n@media (min-width: 640px){\n  .sm\\:bottom-0{\n    bottom: 0px;\n  }\n  .sm\\:right-0{\n    right: 0px;\n  }\n  .sm\\:top-auto{\n    top: auto;\n  }\n  .sm\\:col-span-2{\n    grid-column: span 2 / span 2;\n  }\n  .sm\\:mt-0{\n    margin-top: 0px;\n  }\n  .sm\\:flex{\n    display: flex;\n  }\n  .sm\\:w-24{\n    width: 6rem;\n  }\n  .sm\\:w-auto{\n    width: auto;\n  }\n  .sm\\:max-w-sm{\n    max-width: 24rem;\n  }\n  .sm\\:grid-cols-2{\n    grid-template-columns: repeat(2, minmax(0, 1fr));\n  }\n  .sm\\:flex-row{\n    flex-direction: row;\n  }\n  .sm\\:flex-col{\n    flex-direction: column;\n  }\n  .sm\\:items-center{\n    align-items: center;\n  }\n  .sm\\:justify-end{\n    justify-content: flex-end;\n  }\n  .sm\\:gap-2\\.5{\n    gap: 0.625rem;\n  }\n  .sm\\:space-x-2 > :not([hidden]) ~ :not([hidden]){\n    --tw-space-x-reverse: 0;\n    margin-right: calc(0.5rem * var(--tw-space-x-reverse));\n    margin-left: calc(0.5rem * calc(1 - var(--tw-space-x-reverse)));\n  }\n  .sm\\:space-x-4 > :not([hidden]) ~ :not([hidden]){\n    --tw-space-x-reverse: 0;\n    margin-right: calc(1rem * var(--tw-space-x-reverse));\n    margin-left: calc(1rem * calc(1 - var(--tw-space-x-reverse)));\n  }\n  .sm\\:space-y-0 > :not([hidden]) ~ :not([hidden]){\n    --tw-space-y-reverse: 0;\n    margin-top: calc(0px * calc(1 - var(--tw-space-y-reverse)));\n    margin-bottom: calc(0px * var(--tw-space-y-reverse));\n  }\n  .sm\\:rounded-lg{\n    border-radius: var(--radius);\n  }\n  .sm\\:p-6{\n    padding: 1.5rem;\n  }\n  .sm\\:px-4{\n    padding-left: 1rem;\n    padding-right: 1rem;\n  }\n  .sm\\:px-6{\n    padding-left: 1.5rem;\n    padding-right: 1.5rem;\n  }\n  .sm\\:px-8{\n    padding-left: 2rem;\n    padding-right: 2rem;\n  }\n  .sm\\:text-left{\n    text-align: left;\n  }\n  .sm\\:text-4xl{\n    font-size: 2.25rem;\n    line-height: 2.5rem;\n  }\n  .sm\\:text-lg{\n    font-size: 1.125rem;\n    line-height: 1.75rem;\n  }\n  .sm\\:text-sm{\n    font-size: 0.875rem;\n    line-height: 1.25rem;\n  }\n  .sm\\:text-xl{\n    font-size: 1.25rem;\n    line-height: 1.75rem;\n  }\n}\n@media (min-width: 768px){\n  .md\\:absolute{\n    position: absolute;\n  }\n  .md\\:left-auto{\n    left: auto;\n  }\n  .md\\:right-4{\n    right: 1rem;\n  }\n  .md\\:mb-16{\n    margin-bottom: 4rem;\n  }\n  .md\\:mb-20{\n    margin-bottom: 5rem;\n  }\n  .md\\:mb-3{\n    margin-bottom: 0.75rem;\n  }\n  .md\\:mb-6{\n    margin-bottom: 1.5rem;\n  }\n  .md\\:mb-8{\n    margin-bottom: 2rem;\n  }\n  .md\\:mt-0{\n    margin-top: 0px;\n  }\n  .md\\:mt-16{\n    margin-top: 4rem;\n  }\n  .md\\:block{\n    display: block;\n  }\n  .md\\:flex{\n    display: flex;\n  }\n  .md\\:hidden{\n    display: none;\n  }\n  .md\\:h-10{\n    height: 2.5rem;\n  }\n  .md\\:h-16{\n    height: 4rem;\n  }\n  .md\\:h-20{\n    height: 5rem;\n  }\n  .md\\:h-5{\n    height: 1.25rem;\n  }\n  .md\\:h-8{\n    height: 2rem;\n  }\n  .md\\:w-10{\n    width: 2.5rem;\n  }\n  .md\\:w-16{\n    width: 4rem;\n  }\n  .md\\:w-5{\n    width: 1.25rem;\n  }\n  .md\\:w-8{\n    width: 2rem;\n  }\n  .md\\:w-\\[var\\(--radix-navigation-menu-viewport-width\\)\\]{\n    width: var(--radix-navigation-menu-viewport-width);\n  }\n  .md\\:w-auto{\n    width: auto;\n  }\n  .md\\:max-w-\\[420px\\]{\n    max-width: 420px;\n  }\n  .md\\:max-w-sm{\n    max-width: 24rem;\n  }\n  .md\\:grid-cols-2{\n    grid-template-columns: repeat(2, minmax(0, 1fr));\n  }\n  .md\\:grid-cols-3{\n    grid-template-columns: repeat(3, minmax(0, 1fr));\n  }\n  .md\\:grid-cols-4{\n    grid-template-columns: repeat(4, minmax(0, 1fr));\n  }\n  .md\\:flex-row{\n    flex-direction: row;\n  }\n  .md\\:items-start{\n    align-items: flex-start;\n  }\n  .md\\:justify-between{\n    justify-content: space-between;\n  }\n  .md\\:gap-4{\n    gap: 1rem;\n  }\n  .md\\:gap-6{\n    gap: 1.5rem;\n  }\n  .md\\:gap-8{\n    gap: 2rem;\n  }\n  .md\\:space-y-4 > :not([hidden]) ~ :not([hidden]){\n    --tw-space-y-reverse: 0;\n    margin-top: calc(1rem * calc(1 - var(--tw-space-y-reverse)));\n    margin-bottom: calc(1rem * var(--tw-space-y-reverse));\n  }\n  .md\\:space-y-6 > :not([hidden]) ~ :not([hidden]){\n    --tw-space-y-reverse: 0;\n    margin-top: calc(1.5rem * calc(1 - var(--tw-space-y-reverse)));\n    margin-bottom: calc(1.5rem * var(--tw-space-y-reverse));\n  }\n  .md\\:space-y-8 > :not([hidden]) ~ :not([hidden]){\n    --tw-space-y-reverse: 0;\n    margin-top: calc(2rem * calc(1 - var(--tw-space-y-reverse)));\n    margin-bottom: calc(2rem * var(--tw-space-y-reverse));\n  }\n  .md\\:p-4{\n    padding: 1rem;\n  }\n  .md\\:p-8{\n    padding: 2rem;\n  }\n  .md\\:px-12{\n    padding-left: 3rem;\n    padding-right: 3rem;\n  }\n  .md\\:py-20{\n    padding-top: 5rem;\n    padding-bottom: 5rem;\n  }\n  .md\\:text-right{\n    text-align: right;\n  }\n  .md\\:text-2xl{\n    font-size: 1.5rem;\n    line-height: 2rem;\n  }\n  .md\\:text-3xl{\n    font-size: 1.875rem;\n    line-height: 2.25rem;\n  }\n  .md\\:text-4xl{\n    font-size: 2.25rem;\n    line-height: 2.5rem;\n  }\n  .md\\:text-5xl{\n    font-size: 3rem;\n    line-height: 1;\n  }\n  .md\\:text-6xl{\n    font-size: 3.75rem;\n    line-height: 1;\n  }\n  .md\\:text-9xl{\n    font-size: 8rem;\n    line-height: 1;\n  }\n  .md\\:text-base{\n    font-size: 1rem;\n    line-height: 1.5rem;\n  }\n  .md\\:text-lg{\n    font-size: 1.125rem;\n    line-height: 1.75rem;\n  }\n  .md\\:text-sm{\n    font-size: 0.875rem;\n    line-height: 1.25rem;\n  }\n  .md\\:text-xl{\n    font-size: 1.25rem;\n    line-height: 1.75rem;\n  }\n  .md\\:opacity-0{\n    opacity: 0;\n  }\n  .after\\:md\\:hidden::after{\n    content: var(--tw-content);\n    display: none;\n  }\n  .peer[data-variant=\"inset\"] ~ .md\\:peer-data-\\[variant\\=inset\\]\\:m-2{\n    margin: 0.5rem;\n  }\n  .peer[data-state=\"collapsed\"][data-variant=\"inset\"] ~ .md\\:peer-data-\\[state\\=collapsed\\]\\:peer-data-\\[variant\\=inset\\]\\:ml-2{\n    margin-left: 0.5rem;\n  }\n  .peer[data-variant=\"inset\"] ~ .md\\:peer-data-\\[variant\\=inset\\]\\:ml-0{\n    margin-left: 0px;\n  }\n  .peer[data-variant=\"inset\"] ~ .md\\:peer-data-\\[variant\\=inset\\]\\:rounded-xl{\n    border-radius: 0.75rem;\n  }\n  .peer[data-variant=\"inset\"] ~ .md\\:peer-data-\\[variant\\=inset\\]\\:shadow{\n    --tw-shadow: 0 1px 3px 0 rgb(0 0 0 / 0.1), 0 1px 2px -1px rgb(0 0 0 / 0.1);\n    --tw-shadow-colored: 0 1px 3px 0 var(--tw-shadow-color), 0 1px 2px -1px var(--tw-shadow-color);\n    box-shadow: var(--tw-ring-offset-shadow, 0 0 #0000), var(--tw-ring-shadow, 0 0 #0000), var(--tw-shadow);\n  }\n}\n@media (min-width: 1024px){\n  .lg\\:col-span-1{\n    grid-column: span 1 / span 1;\n  }\n  .lg\\:col-span-2{\n    grid-column: span 2 / span 2;\n  }\n  .lg\\:inline{\n    display: inline;\n  }\n  .lg\\:max-w-lg{\n    max-width: 32rem;\n  }\n  .lg\\:max-w-md{\n    max-width: 28rem;\n  }\n  .lg\\:grid-cols-2{\n    grid-template-columns: repeat(2, minmax(0, 1fr));\n  }\n  .lg\\:grid-cols-3{\n    grid-template-columns: repeat(3, minmax(0, 1fr));\n  }\n  .lg\\:grid-cols-4{\n    grid-template-columns: repeat(4, minmax(0, 1fr));\n  }\n  .lg\\:justify-end{\n    justify-content: flex-end;\n  }\n  .lg\\:space-x-8 > :not([hidden]) ~ :not([hidden]){\n    --tw-space-x-reverse: 0;\n    margin-right: calc(2rem * var(--tw-space-x-reverse));\n    margin-left: calc(2rem * calc(1 - var(--tw-space-x-reverse)));\n  }\n  .lg\\:px-20{\n    padding-left: 5rem;\n    padding-right: 5rem;\n  }\n  .lg\\:px-8{\n    padding-left: 2rem;\n    padding-right: 2rem;\n  }\n  .lg\\:text-3xl{\n    font-size: 1.875rem;\n    line-height: 2.25rem;\n  }\n  .lg\\:text-6xl{\n    font-size: 3.75rem;\n    line-height: 1;\n  }\n  .lg\\:text-7xl{\n    font-size: 4.5rem;\n    line-height: 1;\n  }\n}\n.\\[\\&\\:has\\(\\[aria-selected\\]\\)\\]\\:bg-accent:has([aria-selected]){\n  background-color: hsl(var(--accent));\n}\n.first\\:\\[\\&\\:has\\(\\[aria-selected\\]\\)\\]\\:rounded-l-md:has([aria-selected]):first-child{\n  border-top-left-radius: calc(var(--radius) - 2px);\n  border-bottom-left-radius: calc(var(--radius) - 2px);\n}\n.last\\:\\[\\&\\:has\\(\\[aria-selected\\]\\)\\]\\:rounded-r-md:has([aria-selected]):last-child{\n  border-top-right-radius: calc(var(--radius) - 2px);\n  border-bottom-right-radius: calc(var(--radius) - 2px);\n}\n.\\[\\&\\:has\\(\\[aria-selected\\]\\.day-outside\\)\\]\\:bg-accent\\/50:has([aria-selected].day-outside){\n  background-color: hsl(var(--accent) / 0.5);\n}\n.\\[\\&\\:has\\(\\[aria-selected\\]\\.day-range-end\\)\\]\\:rounded-r-md:has([aria-selected].day-range-end){\n  border-top-right-radius: calc(var(--radius) - 2px);\n  border-bottom-right-radius: calc(var(--radius) - 2px);\n}\n.\\[\\&\\:has\\(\\[role\\=checkbox\\]\\)\\]\\:pr-0:has([role=checkbox]){\n  padding-right: 0px;\n}\n.\\[\\&\\>button\\]\\:hidden>button{\n  display: none;\n}\n.\\[\\&\\>span\\:last-child\\]\\:truncate>span:last-child{\n  overflow: hidden;\n  text-overflow: ellipsis;\n  white-space: nowrap;\n}\n.\\[\\&\\>span\\]\\:line-clamp-1>span{\n  overflow: hidden;\n  display: -webkit-box;\n  -webkit-box-orient: vertical;\n  -webkit-line-clamp: 1;\n}\n.\\[\\&\\>svg\\+div\\]\\:translate-y-\\[-3px\\]>svg+div{\n  --tw-translate-y: -3px;\n  transform: translate(var(--tw-translate-x), var(--tw-translate-y)) rotate(var(--tw-rotate)) skewX(var(--tw-skew-x)) skewY(var(--tw-skew-y)) scaleX(var(--tw-scale-x)) scaleY(var(--tw-scale-y));\n}\n.\\[\\&\\>svg\\]\\:absolute>svg{\n  position: absolute;\n}\n.\\[\\&\\>svg\\]\\:left-4>svg{\n  left: 1rem;\n}\n.\\[\\&\\>svg\\]\\:top-4>svg{\n  top: 1rem;\n}\n.\\[\\&\\>svg\\]\\:size-3\\.5>svg{\n  width: 0.875rem;\n  height: 0.875rem;\n}\n.\\[\\&\\>svg\\]\\:size-4>svg{\n  width: 1rem;\n  height: 1rem;\n}\n.\\[\\&\\>svg\\]\\:h-2\\.5>svg{\n  height: 0.625rem;\n}\n.\\[\\&\\>svg\\]\\:h-3>svg{\n  height: 0.75rem;\n}\n.\\[\\&\\>svg\\]\\:w-2\\.5>svg{\n  width: 0.625rem;\n}\n.\\[\\&\\>svg\\]\\:w-3>svg{\n  width: 0.75rem;\n}\n.\\[\\&\\>svg\\]\\:shrink-0>svg{\n  flex-shrink: 0;\n}\n.\\[\\&\\>svg\\]\\:text-destructive>svg{\n  color: hsl(var(--destructive));\n}\n.\\[\\&\\>svg\\]\\:text-foreground>svg{\n  color: hsl(var(--foreground));\n}\n.\\[\\&\\>svg\\]\\:text-muted-foreground>svg{\n  color: hsl(var(--muted-foreground));\n}\n.\\[\\&\\>svg\\]\\:text-sidebar-accent-foreground>svg{\n  color: hsl(var(--sidebar-accent-foreground));\n}\n.\\[\\&\\>svg\\~\\*\\]\\:pl-7>svg~*{\n  padding-left: 1.75rem;\n}\n.\\[\\&\\>tr\\]\\:last\\:border-b-0:last-child>tr{\n  border-bottom-width: 0px;\n}\n.\\[\\&\\[data-panel-group-direction\\=vertical\\]\\>div\\]\\:rotate-90[data-panel-group-direction=vertical]>div{\n  --tw-rotate: 90deg;\n  transform: translate(var(--tw-translate-x), var(--tw-translate-y)) rotate(var(--tw-rotate)) skewX(var(--tw-skew-x)) skewY(var(--tw-skew-y)) scaleX(var(--tw-scale-x)) scaleY(var(--tw-scale-y));\n}\n.\\[\\&\\[data-state\\=open\\]\\>svg\\]\\:rotate-180[data-state=open]>svg{\n  --tw-rotate: 180deg;\n  transform: translate(var(--tw-translate-x), var(--tw-translate-y)) rotate(var(--tw-rotate)) skewX(var(--tw-skew-x)) skewY(var(--tw-skew-y)) scaleX(var(--tw-scale-x)) scaleY(var(--tw-scale-y));\n}\n.\\[\\&_\\.recharts-cartesian-axis-tick_text\\]\\:fill-muted-foreground .recharts-cartesian-axis-tick text{\n  fill: hsl(var(--muted-foreground));\n}\n.\\[\\&_\\.recharts-cartesian-grid_line\\[stroke\\=\\'\\#ccc\\'\\]\\]\\:stroke-border\\/50 .recharts-cartesian-grid line[stroke='#ccc']{\n  stroke: hsl(var(--border) / 0.5);\n}\n.\\[\\&_\\.recharts-curve\\.recharts-tooltip-cursor\\]\\:stroke-border .recharts-curve.recharts-tooltip-cursor{\n  stroke: hsl(var(--border));\n}\n.\\[\\&_\\.recharts-dot\\[stroke\\=\\'\\#fff\\'\\]\\]\\:stroke-transparent .recharts-dot[stroke='#fff']{\n  stroke: transparent;\n}\n.\\[\\&_\\.recharts-layer\\]\\:outline-none .recharts-layer{\n  outline: 2px solid transparent;\n  outline-offset: 2px;\n}\n.\\[\\&_\\.recharts-polar-grid_\\[stroke\\=\\'\\#ccc\\'\\]\\]\\:stroke-border .recharts-polar-grid [stroke='#ccc']{\n  stroke: hsl(var(--border));\n}\n.\\[\\&_\\.recharts-radial-bar-background-sector\\]\\:fill-muted .recharts-radial-bar-background-sector{\n  fill: hsl(var(--muted));\n}\n.\\[\\&_\\.recharts-rectangle\\.recharts-tooltip-cursor\\]\\:fill-muted .recharts-rectangle.recharts-tooltip-cursor{\n  fill: hsl(var(--muted));\n}\n.\\[\\&_\\.recharts-reference-line_\\[stroke\\=\\'\\#ccc\\'\\]\\]\\:stroke-border .recharts-reference-line [stroke='#ccc']{\n  stroke: hsl(var(--border));\n}\n.\\[\\&_\\.recharts-sector\\[stroke\\=\\'\\#fff\\'\\]\\]\\:stroke-transparent .recharts-sector[stroke='#fff']{\n  stroke: transparent;\n}\n.\\[\\&_\\.recharts-sector\\]\\:outline-none .recharts-sector{\n  outline: 2px solid transparent;\n  outline-offset: 2px;\n}\n.\\[\\&_\\.recharts-surface\\]\\:outline-none .recharts-surface{\n  outline: 2px solid transparent;\n  outline-offset: 2px;\n}\n.\\[\\&_\\[cmdk-group-heading\\]\\]\\:px-2 [cmdk-group-heading]{\n  padding-left: 0.5rem;\n  padding-right: 0.5rem;\n}\n.\\[\\&_\\[cmdk-group-heading\\]\\]\\:py-1\\.5 [cmdk-group-heading]{\n  padding-top: 0.375rem;\n  padding-bottom: 0.375rem;\n}\n.\\[\\&_\\[cmdk-group-heading\\]\\]\\:text-xs [cmdk-group-heading]{\n  font-size: 0.75rem;\n  line-height: 1rem;\n}\n.\\[\\&_\\[cmdk-group-heading\\]\\]\\:font-medium [cmdk-group-heading]{\n  font-weight: 500;\n}\n.\\[\\&_\\[cmdk-group-heading\\]\\]\\:text-muted-foreground [cmdk-group-heading]{\n  color: hsl(var(--muted-foreground));\n}\n.\\[\\&_\\[cmdk-group\\]\\:not\\(\\[hidden\\]\\)_\\~\\[cmdk-group\\]\\]\\:pt-0 [cmdk-group]:not([hidden]) ~[cmdk-group]{\n  padding-top: 0px;\n}\n.\\[\\&_\\[cmdk-group\\]\\]\\:px-2 [cmdk-group]{\n  padding-left: 0.5rem;\n  padding-right: 0.5rem;\n}\n.\\[\\&_\\[cmdk-input-wrapper\\]_svg\\]\\:h-5 [cmdk-input-wrapper] svg{\n  height: 1.25rem;\n}\n.\\[\\&_\\[cmdk-input-wrapper\\]_svg\\]\\:w-5 [cmdk-input-wrapper] svg{\n  width: 1.25rem;\n}\n.\\[\\&_\\[cmdk-input\\]\\]\\:h-12 [cmdk-input]{\n  height: 3rem;\n}\n.\\[\\&_\\[cmdk-item\\]\\]\\:px-2 [cmdk-item]{\n  padding-left: 0.5rem;\n  padding-right: 0.5rem;\n}\n.\\[\\&_\\[cmdk-item\\]\\]\\:py-3 [cmdk-item]{\n  padding-top: 0.75rem;\n  padding-bottom: 0.75rem;\n}\n.\\[\\&_\\[cmdk-item\\]_svg\\]\\:h-5 [cmdk-item] svg{\n  height: 1.25rem;\n}\n.\\[\\&_\\[cmdk-item\\]_svg\\]\\:w-5 [cmdk-item] svg{\n  width: 1.25rem;\n}\n.\\[\\&_p\\]\\:leading-relaxed p{\n  line-height: 1.625;\n}\n.\\[\\&_svg\\]\\:pointer-events-none svg{\n  pointer-events: none;\n}\n.\\[\\&_svg\\]\\:size-4 svg{\n  width: 1rem;\n  height: 1rem;\n}\n.\\[\\&_svg\\]\\:shrink-0 svg{\n  flex-shrink: 0;\n}\n.\\[\\&_tr\\:last-child\\]\\:border-0 tr:last-child{\n  border-width: 0px;\n}\n.\\[\\&_tr\\]\\:border-b tr{\n  border-bottom-width: 1px;\n}\n[data-side=left][data-collapsible=offcanvas] .\\[\\[data-side\\=left\\]\\[data-collapsible\\=offcanvas\\]_\\&\\]\\:-right-2{\n  right: -0.5rem;\n}\n[data-side=left][data-state=collapsed] .\\[\\[data-side\\=left\\]\\[data-state\\=collapsed\\]_\\&\\]\\:cursor-e-resize{\n  cursor: e-resize;\n}\n[data-side=left] .\\[\\[data-side\\=left\\]_\\&\\]\\:cursor-w-resize{\n  cursor: w-resize;\n}\n[data-side=right][data-collapsible=offcanvas] .\\[\\[data-side\\=right\\]\\[data-collapsible\\=offcanvas\\]_\\&\\]\\:-left-2{\n  left: -0.5rem;\n}\n[data-side=right][data-state=collapsed] .\\[\\[data-side\\=right\\]\\[data-state\\=collapsed\\]_\\&\\]\\:cursor-w-resize{\n  cursor: w-resize;\n}\n[data-side=right] .\\[\\[data-side\\=right\\]_\\&\\]\\:cursor-e-resize{\n  cursor: e-resize;\n}"]],"\n\n",["BODY",{},"\n  ",["DIV",{"id":"root"}],"\n  ","\n\n\n"]],"viewport":{"width":1280,"height":720},"timestamp":309472.558,"wallTime":1769457461175,"collectionTime":19,"resourceOverrides":[],"isMainFrame":true}}
{"type":"event","time":309480.057,"class":"BrowserContext","method":"pageError","params":{"error":{"error":{"message":"can't access property \"add\", helmetInstances is undefined","stack":"TypeError: can't access property \"add\", helmetInstances is undefined\n    at init (http://localhost:9000/@fs/D:/Nuxt%20Projects/new-portfolio/node_modules/.vite/deps/react-helmet-async.js?v=e9b1c4bf:812:5)\n    at render (http://localhost:9000/@fs/D:/Nuxt%20Projects/new-portfolio/node_modules/.vite/deps/react-helmet-async.js?v=e9b1c4bf:816:10)\n    at finishClassComponent (http://localhost:9000/@fs/D:/Nuxt%20Projects/new-portfolio/node_modules/.vite/deps/chunk-PQBXVK2R.js?v=e9b1c4bf:14747:39)\n    at updateClassComponent (http://localhost:9000/@fs/D:/Nuxt%20Projects/new-portfolio/node_modules/.vite/deps/chunk-PQBXVK2R.js?v=e9b1c4bf:14712:52)\n    at beginWork (http://localhost:9000/@fs/D:/Nuxt%20Projects/new-portfolio/node_modules/.vite/deps/chunk-PQBXVK2R.js?v=e9b1c4bf:15978:22)\n    at callCallback2 (http://localhost:9000/@fs/D:/Nuxt%20Projects/new-portfolio/node_modules/.vite/deps/chunk-PQBXVK2R.js?v=e9b1c4bf:3680:22)\n    at invokeGuardedCallbackDev (http://localhost:9000/@fs/D:/Nuxt%20Projects/new-portfolio/node_modules/.vite/deps/chunk-PQBXVK2R.js?v=e9b1c4bf:3705:24)\n    at invokeGuardedCallback (http://localhost:9000/@fs/D:/Nuxt%20Projects/new-portfolio/node_modules/.vite/deps/chunk-PQBXVK2R.js?v=e9b1c4bf:3739:39)\n    at beginWork$1 (http://localhost:9000/@fs/D:/Nuxt%20Projects/new-portfolio/node_modules/.vite/deps/chunk-PQBXVK2R.js?v=e9b1c4bf:19818:36)\n    at performUnitOfWork (http://localhost:9000/@fs/D:/Nuxt%20Projects/new-portfolio/node_modules/.vite/deps/chunk-PQBXVK2R.js?v=e9b1c4bf:19251:20)\n    at workLoopSync (http://localhost:9000/@fs/D:/Nuxt%20Projects/new-portfolio/node_modules/.vite/deps/chunk-PQBXVK2R.js?v=e9b1c4bf:19190:30)\n    at renderRootSync (http://localhost:9000/@fs/D:/Nuxt%20Projects/new-portfolio/node_modules/.vite/deps/chunk-PQBXVK2R.js?v=e9b1c4bf:19169:15)\n    at performConcurrentWorkOnRoot (http://localhost:9000/@fs/D:/Nuxt%20Projects/new-portfolio/node_modules/.vite/deps/chunk-PQBXVK2R.js?v=e9b1c4bf:18728:83)\n    at workLoop (http://localhost:9000/@fs/D:/Nuxt%20Projects/new-portfolio/node_modules/.vite/deps/chunk-PQBXVK2R.js?v=e9b1c4bf:197:50)\n    at flushWork (http://localhost:9000/@fs/D:/Nuxt%20Projects/new-portfolio/node_modules/.vite/deps/chunk-PQBXVK2R.js?v=e9b1c4bf:176:22)\n    at performWorkUntilDeadline (http://localhost:9000/@fs/D:/Nuxt%20Projects/new-portfolio/node_modules/.vite/deps/chunk-PQBXVK2R.js?v=e9b1c4bf:384:29)\n    at EventHandlerNonNull*node_modules/.pnpm/scheduler (0.23.2/node_modules/scheduler/cjs/scheduler.development.js/<@http://localhost:9000/@fs/D:/Nuxt%20Projects/new-portfolio/node_modules/.vite/deps/chunk-PQBXVK2R.js?v=e9b1c4bf:405:11)\n    at node_modules/.pnpm/scheduler (0.23.2/node_modules/scheduler/cjs/scheduler.development.js@http://localhost:9000/@fs/D:/Nuxt%20Projects/new-portfolio/node_modules/.vite/deps/chunk-PQBXVK2R.js?v=e9b1c4bf:453:9)\n    at __require (http://localhost:9000/@fs/D:/Nuxt%20Projects/new-portfolio/node_modules/.vite/deps/chunk-G3PMV62Z.js?v=e9b1c4bf:8:50)\n    at node_modules/.pnpm/scheduler (0.23.2/node_modules/scheduler/index.js@http://localhost:9000/@fs/D:/Nuxt%20Projects/new-portfolio/node_modules/.vite/deps/chunk-PQBXVK2R.js?v=e9b1c4bf:465:24)\n    at __require (http://localhost:9000/@fs/D:/Nuxt%20Projects/new-portfolio/node_modules/.vite/deps/chunk-G3PMV62Z.js?v=e9b1c4bf:8:50)\n    at node_modules/.pnpm/react-dom (18.3.1_react@18.3.1/node_modules/react-dom/cjs/react-dom.development.js/<@http://localhost:9000/@fs/D:/Nuxt%20Projects/new-portfolio/node_modules/.vite/deps/chunk-PQBXVK2R.js?v=e9b1c4bf:481:25)\n    at node_modules/.pnpm/react-dom (18.3.1_react@18.3.1/node_modules/react-dom/cjs/react-dom.development.js@http://localhost:9000/@fs/D:/Nuxt%20Projects/new-portfolio/node_modules/.vite/deps/chunk-PQBXVK2R.js?v=e9b1c4bf:21629:9)\n    at __require (http://localhost:9000/@fs/D:/Nuxt%20Projects/new-portfolio/node_modules/.vite/deps/chunk-G3PMV62Z.js?v=e9b1c4bf:8:50)\n    at node_modules/.pnpm/react-dom (18.3.1_react@18.3.1/node_modules/react-dom/index.js@http://localhost:9000/@fs/D:/Nuxt%20Projects/new-portfolio/node_modules/.vite/deps/chunk-PQBXVK2R.js?v=e9b1c4bf:21642:24)\n    at __require (http://localhost:9000/@fs/D:/Nuxt%20Projects/new-portfolio/node_modules/.vite/deps/chunk-G3PMV62Z.js?v=e9b1c4bf:8:50)\n    at node_modules/.pnpm/react-dom (18.3.1_react@18.3.1/node_modules/react-dom/client.js@http://localhost:9000/@fs/D:/Nuxt%20Projects/new-portfolio/node_modules/.vite/deps/chunk-IYBBQOWQ.js?v=e9b1c4bf:11:13)\n    at __require (http://localhost:9000/@fs/D:/Nuxt%20Projects/new-portfolio/node_modules/.vite/deps/chunk-G3PMV62Z.js?v=e9b1c4bf:8:50)\n    at  (http://localhost:9000/@fs/D:/Nuxt%20Projects/new-portfolio/node_modules/.vite/deps/react-dom_client.js?v=e9b1c4bf:7:16)","name":"TypeError"}}},"pageId":"page@828d61b95c5bf8102d793ce344a62adf"}
{"type":"before","callId":"call@10","startTime":309480.702,"title":"Wait for load state \"networkidle\"","class":"Page","method":"waitForEventInfo","params":{"info":{"waitId":"2c5a439c333522740237f2fe50286306","phase":"before","event":""}},"stepId":"pw:api@34","pageId":"page@828d61b95c5bf8102d793ce344a62adf","beforeSnapshot":"before@call@10"}
{"type":"event","time":309482.19,"class":"BrowserContext","method":"pageError","params":{"error":{"error":{"message":"can't access property \"add\", helmetInstances is undefined","stack":"TypeError: can't access property \"add\", helmetInstances is undefined\n    at init (http://localhost:9000/@fs/D:/Nuxt%20Projects/new-portfolio/node_modules/.vite/deps/react-helmet-async.js?v=e9b1c4bf:812:5)\n    at render (http://localhost:9000/@fs/D:/Nuxt%20Projects/new-portfolio/node_modules/.vite/deps/react-helmet-async.js?v=e9b1c4bf:816:10)\n    at finishClassComponent (http://localhost:9000/@fs/D:/Nuxt%20Projects/new-portfolio/node_modules/.vite/deps/chunk-PQBXVK2R.js?v=e9b1c4bf:14747:39)\n    at updateClassComponent (http://localhost:9000/@fs/D:/Nuxt%20Projects/new-portfolio/node_modules/.vite/deps/chunk-PQBXVK2R.js?v=e9b1c4bf:14712:52)\n    at beginWork (http://localhost:9000/@fs/D:/Nuxt%20Projects/new-portfolio/node_modules/.vite/deps/chunk-PQBXVK2R.js?v=e9b1c4bf:15978:22)\n    at callCallback2 (http://localhost:9000/@fs/D:/Nuxt%20Projects/new-portfolio/node_modules/.vite/deps/chunk-PQBXVK2R.js?v=e9b1c4bf:3680:22)\n    at invokeGuardedCallbackDev (http://localhost:9000/@fs/D:/Nuxt%20Projects/new-portfolio/node_modules/.vite/deps/chunk-PQBXVK2R.js?v=e9b1c4bf:3705:24)\n    at invokeGuardedCallback (http://localhost:9000/@fs/D:/Nuxt%20Projects/new-portfolio/node_modules/.vite/deps/chunk-PQBXVK2R.js?v=e9b1c4bf:3739:39)\n    at beginWork$1 (http://localhost:9000/@fs/D:/Nuxt%20Projects/new-portfolio/node_modules/.vite/deps/chunk-PQBXVK2R.js?v=e9b1c4bf:19818:36)\n    at performUnitOfWork (http://localhost:9000/@fs/D:/Nuxt%20Projects/new-portfolio/node_modules/.vite/deps/chunk-PQBXVK2R.js?v=e9b1c4bf:19251:20)\n    at workLoopSync (http://localhost:9000/@fs/D:/Nuxt%20Projects/new-portfolio/node_modules/.vite/deps/chunk-PQBXVK2R.js?v=e9b1c4bf:19190:30)\n    at renderRootSync (http://localhost:9000/@fs/D:/Nuxt%20Projects/new-portfolio/node_modules/.vite/deps/chunk-PQBXVK2R.js?v=e9b1c4bf:19169:15)\n    at recoverFromConcurrentError (http://localhost:9000/@fs/D:/Nuxt%20Projects/new-portfolio/node_modules/.vite/deps/chunk-PQBXVK2R.js?v=e9b1c4bf:18786:42)\n    at performConcurrentWorkOnRoot (http://localhost:9000/@fs/D:/Nuxt%20Projects/new-portfolio/node_modules/.vite/deps/chunk-PQBXVK2R.js?v=e9b1c4bf:18734:30)\n    at workLoop (http://localhost:9000/@fs/D:/Nuxt%20Projects/new-portfolio/node_modules/.vite/deps/chunk-PQBXVK2R.js?v=e9b1c4bf:197:50)\n    at flushWork (http://localhost:9000/@fs/D:/Nuxt%20Projects/new-portfolio/node_modules/.vite/deps/chunk-PQBXVK2R.js?v=e9b1c4bf:176:22)\n    at performWorkUntilDeadline (http://localhost:9000/@fs/D:/Nuxt%20Projects/new-portfolio/node_modules/.vite/deps/chunk-PQBXVK2R.js?v=e9b1c4bf:384:29)\n    at EventHandlerNonNull*node_modules/.pnpm/scheduler (0.23.2/node_modules/scheduler/cjs/scheduler.development.js/<@http://localhost:9000/@fs/D:/Nuxt%20Projects/new-portfolio/node_modules/.vite/deps/chunk-PQBXVK2R.js?v=e9b1c4bf:405:11)\n    at node_modules/.pnpm/scheduler (0.23.2/node_modules/scheduler/cjs/scheduler.development.js@http://localhost:9000/@fs/D:/Nuxt%20Projects/new-portfolio/node_modules/.vite/deps/chunk-PQBXVK2R.js?v=e9b1c4bf:453:9)\n    at __require (http://localhost:9000/@fs/D:/Nuxt%20Projects/new-portfolio/node_modules/.vite/deps/chunk-G3PMV62Z.js?v=e9b1c4bf:8:50)\n    at node_modules/.pnpm/scheduler (0.23.2/node_modules/scheduler/index.js@http://localhost:9000/@fs/D:/Nuxt%20Projects/new-portfolio/node_modules/.vite/deps/chunk-PQBXVK2R.js?v=e9b1c4bf:465:24)\n    at __require (http://localhost:9000/@fs/D:/Nuxt%20Projects/new-portfolio/node_modules/.vite/deps/chunk-G3PMV62Z.js?v=e9b1c4bf:8:50)\n    at node_modules/.pnpm/react-dom (18.3.1_react@18.3.1/node_modules/react-dom/cjs/react-dom.development.js/<@http://localhost:9000/@fs/D:/Nuxt%20Projects/new-portfolio/node_modules/.vite/deps/chunk-PQBXVK2R.js?v=e9b1c4bf:481:25)\n    at node_modules/.pnpm/react-dom (18.3.1_react@18.3.1/node_modules/react-dom/cjs/react-dom.development.js@http://localhost:9000/@fs/D:/Nuxt%20Projects/new-portfolio/node_modules/.vite/deps/chunk-PQBXVK2R.js?v=e9b1c4bf:21629:9)\n    at __require (http://localhost:9000/@fs/D:/Nuxt%20Projects/new-portfolio/node_modules/.vite/deps/chunk-G3PMV62Z.js?v=e9b1c4bf:8:50)\n    at node_modules/.pnpm/react-dom (18.3.1_react@18.3.1/node_modules/react-dom/index.js@http://localhost:9000/@fs/D:/Nuxt%20Projects/new-portfolio/node_modules/.vite/deps/chunk-PQBXVK2R.js?v=e9b1c4bf:21642:24)\n    at __require (http://localhost:9000/@fs/D:/Nuxt%20Projects/new-portfolio/node_modules/.vite/deps/chunk-G3PMV62Z.js?v=e9b1c4bf:8:50)\n    at node_modules/.pnpm/react-dom (18.3.1_react@18.3.1/node_modules/react-dom/client.js@http://localhost:9000/@fs/D:/Nuxt%20Projects/new-portfolio/node_modules/.vite/deps/chunk-IYBBQOWQ.js?v=e9b1c4bf:11:13)\n    at __require (http://localhost:9000/@fs/D:/Nuxt%20Projects/new-portfolio/node_modules/.vite/deps/chunk-G3PMV62Z.js?v=e9b1c4bf:8:50)\n    at  (http://localhost:9000/@fs/D:/Nuxt%20Projects/new-portfolio/node_modules/.vite/deps/react-dom_client.js?v=e9b1c4bf:7:16)","name":"TypeError"}}},"pageId":"page@828d61b95c5bf8102d793ce344a62adf"}
{"type":"event","time":309483.407,"class":"BrowserContext","method":"pageError","params":{"error":{"error":{"message":"can't access property \"add\", helmetInstances is undefined","stack":"TypeError: can't access property \"add\", helmetInstances is undefined\n    at init (http://localhost:9000/@fs/D:/Nuxt%20Projects/new-portfolio/node_modules/.vite/deps/react-helmet-async.js?v=e9b1c4bf:812:5)\n    at render (http://localhost:9000/@fs/D:/Nuxt%20Projects/new-portfolio/node_modules/.vite/deps/react-helmet-async.js?v=e9b1c4bf:816:10)\n    at finishClassComponent (http://localhost:9000/@fs/D:/Nuxt%20Projects/new-portfolio/node_modules/.vite/deps/chunk-PQBXVK2R.js?v=e9b1c4bf:14747:39)\n    at updateClassComponent (http://localhost:9000/@fs/D:/Nuxt%20Projects/new-portfolio/node_modules/.vite/deps/chunk-PQBXVK2R.js?v=e9b1c4bf:14712:52)\n    at beginWork (http://localhost:9000/@fs/D:/Nuxt%20Projects/new-portfolio/node_modules/.vite/deps/chunk-PQBXVK2R.js?v=e9b1c4bf:15978:22)\n    at beginWork$1 (http://localhost:9000/@fs/D:/Nuxt%20Projects/new-portfolio/node_modules/.vite/deps/chunk-PQBXVK2R.js?v=e9b1c4bf:19806:22)\n    at performUnitOfWork (http://localhost:9000/@fs/D:/Nuxt%20Projects/new-portfolio/node_modules/.vite/deps/chunk-PQBXVK2R.js?v=e9b1c4bf:19251:20)\n    at workLoopSync (http://localhost:9000/@fs/D:/Nuxt%20Projects/new-portfolio/node_modules/.vite/deps/chunk-PQBXVK2R.js?v=e9b1c4bf:19190:30)\n    at renderRootSync (http://localhost:9000/@fs/D:/Nuxt%20Projects/new-portfolio/node_modules/.vite/deps/chunk-PQBXVK2R.js?v=e9b1c4bf:19169:15)\n    at recoverFromConcurrentError (http://localhost:9000/@fs/D:/Nuxt%20Projects/new-portfolio/node_modules/.vite/deps/chunk-PQBXVK2R.js?v=e9b1c4bf:18786:42)\n    at performConcurrentWorkOnRoot (http://localhost:9000/@fs/D:/Nuxt%20Projects/new-portfolio/node_modules/.vite/deps/chunk-PQBXVK2R.js?v=e9b1c4bf:18734:30)\n    at workLoop (http://localhost:9000/@fs/D:/Nuxt%20Projects/new-portfolio/node_modules/.vite/deps/chunk-PQBXVK2R.js?v=e9b1c4bf:197:50)\n    at flushWork (http://localhost:9000/@fs/D:/Nuxt%20Projects/new-portfolio/node_modules/.vite/deps/chunk-PQBXVK2R.js?v=e9b1c4bf:176:22)\n    at performWorkUntilDeadline (http://localhost:9000/@fs/D:/Nuxt%20Projects/new-portfolio/node_modules/.vite/deps/chunk-PQBXVK2R.js?v=e9b1c4bf:384:29)\n    at EventHandlerNonNull*node_modules/.pnpm/scheduler (0.23.2/node_modules/scheduler/cjs/scheduler.development.js/<@http://localhost:9000/@fs/D:/Nuxt%20Projects/new-portfolio/node_modules/.vite/deps/chunk-PQBXVK2R.js?v=e9b1c4bf:405:11)\n    at node_modules/.pnpm/scheduler (0.23.2/node_modules/scheduler/cjs/scheduler.development.js@http://localhost:9000/@fs/D:/Nuxt%20Projects/new-portfolio/node_modules/.vite/deps/chunk-PQBXVK2R.js?v=e9b1c4bf:453:9)\n    at __require (http://localhost:9000/@fs/D:/Nuxt%20Projects/new-portfolio/node_modules/.vite/deps/chunk-G3PMV62Z.js?v=e9b1c4bf:8:50)\n    at node_modules/.pnpm/scheduler (0.23.2/node_modules/scheduler/index.js@http://localhost:9000/@fs/D:/Nuxt%20Projects/new-portfolio/node_modules/.vite/deps/chunk-PQBXVK2R.js?v=e9b1c4bf:465:24)\n    at __require (http://localhost:9000/@fs/D:/Nuxt%20Projects/new-portfolio/node_modules/.vite/deps/chunk-G3PMV62Z.js?v=e9b1c4bf:8:50)\n    at node_modules/.pnpm/react-dom (18.3.1_react@18.3.1/node_modules/react-dom/cjs/react-dom.development.js/<@http://localhost:9000/@fs/D:/Nuxt%20Projects/new-portfolio/node_modules/.vite/deps/chunk-PQBXVK2R.js?v=e9b1c4bf:481:25)\n    at node_modules/.pnpm/react-dom (18.3.1_react@18.3.1/node_modules/react-dom/cjs/react-dom.development.js@http://localhost:9000/@fs/D:/Nuxt%20Projects/new-portfolio/node_modules/.vite/deps/chunk-PQBXVK2R.js?v=e9b1c4bf:21629:9)\n    at __require (http://localhost:9000/@fs/D:/Nuxt%20Projects/new-portfolio/node_modules/.vite/deps/chunk-G3PMV62Z.js?v=e9b1c4bf:8:50)\n    at node_modules/.pnpm/react-dom (18.3.1_react@18.3.1/node_modules/react-dom/index.js@http://localhost:9000/@fs/D:/Nuxt%20Projects/new-portfolio/node_modules/.vite/deps/chunk-PQBXVK2R.js?v=e9b1c4bf:21642:24)\n    at __require (http://localhost:9000/@fs/D:/Nuxt%20Projects/new-portfolio/node_modules/.vite/deps/chunk-G3PMV62Z.js?v=e9b1c4bf:8:50)\n    at node_modules/.pnpm/react-dom (18.3.1_react@18.3.1/node_modules/react-dom/client.js@http://localhost:9000/@fs/D:/Nuxt%20Projects/new-portfolio/node_modules/.vite/deps/chunk-IYBBQOWQ.js?v=e9b1c4bf:11:13)\n    at __require (http://localhost:9000/@fs/D:/Nuxt%20Projects/new-portfolio/node_modules/.vite/deps/chunk-G3PMV62Z.js?v=e9b1c4bf:8:50)\n    at  (http://localhost:9000/@fs/D:/Nuxt%20Projects/new-portfolio/node_modules/.vite/deps/react-dom_client.js?v=e9b1c4bf:7:16)","name":"TypeError"}}},"pageId":"page@828d61b95c5bf8102d793ce344a62adf"}
{"type":"frame-snapshot","snapshot":{"callId":"call@10","snapshotName":"before@call@10","pageId":"page@828d61b95c5bf8102d793ce344a62adf","frameId":"frame@d31306cf6781552832aac3c8e4ea09ec","frameUrl":"http://localhost:9000/projects","doctype":"html","html":[[1,109]],"viewport":{"width":1280,"height":720},"timestamp":309544.684,"wallTime":1769457461234,"collectionTime":2,"resourceOverrides":[],"isMainFrame":true}}
{"type":"screencast-frame","pageId":"page@828d61b95c5bf8102d793ce344a62adf","sha1":"page@828d61b95c5bf8102d793ce344a62adf-1769457461277.jpeg","width":1280,"height":720,"timestamp":309545.904,"frameSwapWallTime":56973.8812}
{"type":"screencast-frame","pageId":"page@828d61b95c5bf8102d793ce344a62adf","sha1":"page@828d61b95c5bf8102d793ce344a62adf-1769457461378.jpeg","width":1280,"height":720,"timestamp":309646.748,"frameSwapWallTime":57076.5189}
{"type":"screencast-frame","pageId":"page@828d61b95c5bf8102d793ce344a62adf","sha1":"page@828d61b95c5bf8102d793ce344a62adf-1769457461462.jpeg","width":1280,"height":720,"timestamp":309730.602,"frameSwapWallTime":57159.5199}
{"type":"screencast-frame","pageId":"page@828d61b95c5bf8102d793ce344a62adf","sha1":"page@828d61b95c5bf8102d793ce344a62adf-1769457461558.jpeg","width":1280,"height":720,"timestamp":309826.703,"frameSwapWallTime":57255.6468}
{"type":"screencast-frame","pageId":"page@828d61b95c5bf8102d793ce344a62adf","sha1":"page@828d61b95c5bf8102d793ce344a62adf-1769457461657.jpeg","width":1280,"height":720,"timestamp":309925.87,"frameSwapWallTime":57355.941}
{"type":"screencast-frame","pageId":"page@828d61b95c5bf8102d793ce344a62adf","sha1":"page@828d61b95c5bf8102d793ce344a62adf-1769457461755.jpeg","width":1280,"height":720,"timestamp":310024.269,"frameSwapWallTime":57455.2738}
{"type":"screencast-frame","pageId":"page@828d61b95c5bf8102d793ce344a62adf","sha1":"page@828d61b95c5bf8102d793ce344a62adf-1769457461840.jpeg","width":1280,"height":720,"timestamp":310108.791,"frameSwapWallTime":57538.7038}
{"type":"screencast-frame","pageId":"page@828d61b95c5bf8102d793ce344a62adf","sha1":"page@828d61b95c5bf8102d793ce344a62adf-1769457461922.jpeg","width":1280,"height":720,"timestamp":310191.055,"frameSwapWallTime":57621.8962}
{"type":"screencast-frame","pageId":"page@828d61b95c5bf8102d793ce344a62adf","sha1":"page@828d61b95c5bf8102d793ce344a62adf-1769457462004.jpeg","width":1280,"height":720,"timestamp":310273.728,"frameSwapWallTime":57704.9333}
{"type":"screencast-frame","pageId":"page@828d61b95c5bf8102d793ce344a62adf","sha1":"page@828d61b95c5bf8102d793ce344a62adf-1769457462091.jpeg","width":1280,"height":720,"timestamp":310360.054,"frameSwapWallTime":57788.1258}
{"type":"screencast-frame","pageId":"page@828d61b95c5bf8102d793ce344a62adf","sha1":"page@828d61b95c5bf8102d793ce344a62adf-1769457462174.jpeg","width":1280,"height":720,"timestamp":310443.212,"frameSwapWallTime":57874.432499999995}
{"type":"screencast-frame","pageId":"page@828d61b95c5bf8102d793ce344a62adf","sha1":"page@828d61b95c5bf8102d793ce344a62adf-1769457462377.jpeg","width":1280,"height":720,"timestamp":310646.351,"frameSwapWallTime":58077.3199}
{"type":"screencast-frame","pageId":"page@828d61b95c5bf8102d793ce344a62adf","sha1":"page@828d61b95c5bf8102d793ce344a62adf-1769457462584.jpeg","width":1280,"height":720,"timestamp":310853.578,"frameSwapWallTime":58276.048}
{"type":"screencast-frame","pageId":"page@828d61b95c5bf8102d793ce344a62adf","sha1":"page@828d61b95c5bf8102d793ce344a62adf-1769457462781.jpeg","width":1280,"height":720,"timestamp":311050.125,"frameSwapWallTime":58479.897000000004}
{"type":"screencast-frame","pageId":"page@828d61b95c5bf8102d793ce344a62adf","sha1":"page@828d61b95c5bf8102d793ce344a62adf-1769457462959.jpeg","width":1280,"height":720,"timestamp":311227.909,"frameSwapWallTime":58659.112499999996}
{"type":"screencast-frame","pageId":"page@828d61b95c5bf8102d793ce344a62adf","sha1":"page@828d61b95c5bf8102d793ce344a62adf-1769457463187.jpeg","width":1280,"height":720,"timestamp":311456.732,"frameSwapWallTime":58887.0542}
{"type":"screencast-frame","pageId":"page@828d61b95c5bf8102d793ce344a62adf","sha1":"page@828d61b95c5bf8102d793ce344a62adf-1769457463369.jpeg","width":1280,"height":720,"timestamp":311638.47,"frameSwapWallTime":59069.7647}
{"type":"screencast-frame","pageId":"page@828d61b95c5bf8102d793ce344a62adf","sha1":"page@828d61b95c5bf8102d793ce344a62adf-1769457463691.jpeg","width":1280,"height":720,"timestamp":311960.265,"frameSwapWallTime":59391.534100000004}
{"type":"screencast-frame","pageId":"page@828d61b95c5bf8102d793ce344a62adf","sha1":"page@828d61b95c5bf8102d793ce344a62adf-1769457463862.jpeg","width":1280,"height":720,"timestamp":312130.836,"frameSwapWallTime":59542.632099999995}
{"type":"screencast-frame","pageId":"page@828d61b95c5bf8102d793ce344a62adf","sha1":"page@828d61b95c5bf8102d793ce344a62adf-1769457464058.jpeg","width":1280,"height":720,"timestamp":312327.407,"frameSwapWallTime":59753.225399999996}
{"type":"screencast-frame","pageId":"page@828d61b95c5bf8102d793ce344a62adf","sha1":"page@828d61b95c5bf8102d793ce344a62adf-1769457464191.jpeg","width":1280,"height":720,"timestamp":312459.846,"frameSwapWallTime":59890.217}
{"type":"screencast-frame","pageId":"page@828d61b95c5bf8102d793ce344a62adf","sha1":"page@828d61b95c5bf8102d793ce344a62adf-1769457464504.jpeg","width":1280,"height":720,"timestamp":312773.627,"frameSwapWallTime":60204.7566}
{"type":"screencast-frame","pageId":"page@828d61b95c5bf8102d793ce344a62adf","sha1":"page@828d61b95c5bf8102d793ce344a62adf-1769457464645.jpeg","width":1280,"height":720,"timestamp":312914.248,"frameSwapWallTime":60324.585999999996}
{"type":"screencast-frame","pageId":"page@828d61b95c5bf8102d793ce344a62adf","sha1":"page@828d61b95c5bf8102d793ce344a62adf-1769457464915.jpeg","width":1280,"height":720,"timestamp":313184.089,"frameSwapWallTime":60604.6737}
{"type":"screencast-frame","pageId":"page@828d61b95c5bf8102d793ce344a62adf","sha1":"page@828d61b95c5bf8102d793ce344a62adf-1769457465194.jpeg","width":1280,"height":720,"timestamp":313463.255,"frameSwapWallTime":60884.856900000006}
{"type":"screencast-frame","pageId":"page@828d61b95c5bf8102d793ce344a62adf","sha1":"page@828d61b95c5bf8102d793ce344a62adf-1769457465487.jpeg","width":1280,"height":720,"timestamp":313756.611,"frameSwapWallTime":61178.9431}
{"type":"screencast-frame","pageId":"page@828d61b95c5bf8102d793ce344a62adf","sha1":"page@828d61b95c5bf8102d793ce344a62adf-1769457465732.jpeg","width":1280,"height":720,"timestamp":314001.144,"frameSwapWallTime":61426.3414}
{"type":"screencast-frame","pageId":"page@828d61b95c5bf8102d793ce344a62adf","sha1":"page@828d61b95c5bf8102d793ce344a62adf-1769457465940.jpeg","width":1280,"height":720,"timestamp":314209.611,"frameSwapWallTime":61639.632300000005}
{"type":"screencast-frame","pageId":"page@828d61b95c5bf8102d793ce344a62adf","sha1":"page@828d61b95c5bf8102d793ce344a62adf-1769457466092.jpeg","width":1280,"height":720,"timestamp":314360.861,"frameSwapWallTime":61789.8437}
{"type":"screencast-frame","pageId":"page@828d61b95c5bf8102d793ce344a62adf","sha1":"page@828d61b95c5bf8102d793ce344a62adf-1769457466291.jpeg","width":1280,"height":720,"timestamp":314560.724,"frameSwapWallTime":61990.794299999994}
{"type":"screencast-frame","pageId":"page@828d61b95c5bf8102d793ce344a62adf","sha1":"page@828d61b95c5bf8102d793ce344a62adf-1769457466489.jpeg","width":1280,"height":720,"timestamp":314757.863,"frameSwapWallTime":62188.005099999995}
{"type":"screencast-frame","pageId":"page@828d61b95c5bf8102d793ce344a62adf","sha1":"page@828d61b95c5bf8102d793ce344a62adf-1769457466721.jpeg","width":1280,"height":720,"timestamp":314990.299,"frameSwapWallTime":62420.4245}
{"type":"screencast-frame","pageId":"page@828d61b95c5bf8102d793ce344a62adf","sha1":"page@828d61b95c5bf8102d793ce344a62adf-1769457466936.jpeg","width":1280,"height":720,"timestamp":315205.544,"frameSwapWallTime":62636.66039999999}
{"type":"screencast-frame","pageId":"page@828d61b95c5bf8102d793ce344a62adf","sha1":"page@828d61b95c5bf8102d793ce344a62adf-1769457467154.jpeg","width":1280,"height":720,"timestamp":315423.545,"frameSwapWallTime":62854.6259}
{"type":"screencast-frame","pageId":"page@828d61b95c5bf8102d793ce344a62adf","sha1":"page@828d61b95c5bf8102d793ce344a62adf-1769457467354.jpeg","width":1280,"height":720,"timestamp":315623.678,"frameSwapWallTime":63054.2571}
{"type":"screencast-frame","pageId":"page@828d61b95c5bf8102d793ce344a62adf","sha1":"page@828d61b95c5bf8102d793ce344a62adf-1769457467520.jpeg","width":1280,"height":720,"timestamp":315789.535,"frameSwapWallTime":63219.3029}
{"type":"screencast-frame","pageId":"page@828d61b95c5bf8102d793ce344a62adf","sha1":"page@828d61b95c5bf8102d793ce344a62adf-1769457467753.jpeg","width":1280,"height":720,"timestamp":316022.471,"frameSwapWallTime":63453.0739}
{"type":"screencast-frame","pageId":"page@828d61b95c5bf8102d793ce344a62adf","sha1":"page@828d61b95c5bf8102d793ce344a62adf-1769457467954.jpeg","width":1280,"height":720,"timestamp":316223.179,"frameSwapWallTime":63654.2395}
{"type":"screencast-frame","pageId":"page@828d61b95c5bf8102d793ce344a62adf","sha1":"page@828d61b95c5bf8102d793ce344a62adf-1769457468170.jpeg","width":1280,"height":720,"timestamp":316439.418,"frameSwapWallTime":63870.5104}
{"type":"screencast-frame","pageId":"page@828d61b95c5bf8102d793ce344a62adf","sha1":"page@828d61b95c5bf8102d793ce344a62adf-1769457468337.jpeg","width":1280,"height":720,"timestamp":316606.712,"frameSwapWallTime":64037.617699999995}
{"type":"screencast-frame","pageId":"page@828d61b95c5bf8102d793ce344a62adf","sha1":"page@828d61b95c5bf8102d793ce344a62adf-1769457468638.jpeg","width":1280,"height":720,"timestamp":316907.033,"frameSwapWallTime":64338.508599999994}
{"type":"screencast-frame","pageId":"page@828d61b95c5bf8102d793ce344a62adf","sha1":"page@828d61b95c5bf8102d793ce344a62adf-1769457468742.jpeg","width":1280,"height":720,"timestamp":317011.168,"frameSwapWallTime":64438.978899999995}
{"type":"screencast-frame","pageId":"page@828d61b95c5bf8102d793ce344a62adf","sha1":"page@828d61b95c5bf8102d793ce344a62adf-1769457468949.jpeg","width":1280,"height":720,"timestamp":317218.1,"frameSwapWallTime":64639.39689999999}
{"type":"screencast-frame","pageId":"page@828d61b95c5bf8102d793ce344a62adf","sha1":"page@828d61b95c5bf8102d793ce344a62adf-1769457469186.jpeg","width":1280,"height":720,"timestamp":317455.082,"frameSwapWallTime":64873.468}
{"type":"screencast-frame","pageId":"page@828d61b95c5bf8102d793ce344a62adf","sha1":"page@828d61b95c5bf8102d793ce344a62adf-1769457469439.jpeg","width":1280,"height":720,"timestamp":317708.365,"frameSwapWallTime":65139.458000000006}
{"type":"screencast-frame","pageId":"page@828d61b95c5bf8102d793ce344a62adf","sha1":"page@828d61b95c5bf8102d793ce344a62adf-1769457469625.jpeg","width":1280,"height":720,"timestamp":317894.597,"frameSwapWallTime":65325.723600000005}
{"type":"screencast-frame","pageId":"page@828d61b95c5bf8102d793ce344a62adf","sha1":"page@828d61b95c5bf8102d793ce344a62adf-1769457469790.jpeg","width":1280,"height":720,"timestamp":318059.161,"frameSwapWallTime":65489.611999999994}
{"type":"screencast-frame","pageId":"page@828d61b95c5bf8102d793ce344a62adf","sha1":"page@828d61b95c5bf8102d793ce344a62adf-1769457470081.jpeg","width":1280,"height":720,"timestamp":318349.866,"frameSwapWallTime":65772.88889999999}
{"type":"screencast-frame","pageId":"page@828d61b95c5bf8102d793ce344a62adf","sha1":"page@828d61b95c5bf8102d793ce344a62adf-1769457470256.jpeg","width":1280,"height":720,"timestamp":318525.138,"frameSwapWallTime":65954.6183}
{"type":"screencast-frame","pageId":"page@828d61b95c5bf8102d793ce344a62adf","sha1":"page@828d61b95c5bf8102d793ce344a62adf-1769457470404.jpeg","width":1280,"height":720,"timestamp":318672.874,"frameSwapWallTime":66104.0342}
{"type":"screencast-frame","pageId":"page@828d61b95c5bf8102d793ce344a62adf","sha1":"page@828d61b95c5bf8102d793ce344a62adf-1769457470604.jpeg","width":1280,"height":720,"timestamp":318872.88,"frameSwapWallTime":66303.3333}
{"type":"screencast-frame","pageId":"page@828d61b95c5bf8102d793ce344a62adf","sha1":"page@828d61b95c5bf8102d793ce344a62adf-1769457470805.jpeg","width":1280,"height":720,"timestamp":319074.454,"frameSwapWallTime":66504.1938}
{"type":"screencast-frame","pageId":"page@828d61b95c5bf8102d793ce344a62adf","sha1":"page@828d61b95c5bf8102d793ce344a62adf-1769457471007.jpeg","width":1280,"height":720,"timestamp":319275.769,"frameSwapWallTime":66704.8391}
{"type":"screencast-frame","pageId":"page@828d61b95c5bf8102d793ce344a62adf","sha1":"page@828d61b95c5bf8102d793ce344a62adf-1769457471240.jpeg","width":1280,"height":720,"timestamp":319508.904,"frameSwapWallTime":66938.6957}
{"type":"screencast-frame","pageId":"page@828d61b95c5bf8102d793ce344a62adf","sha1":"page@828d61b95c5bf8102d793ce344a62adf-1769457471508.jpeg","width":1280,"height":720,"timestamp":319777.709,"frameSwapWallTime":67208.1223}
{"type":"screencast-frame","pageId":"page@828d61b95c5bf8102d793ce344a62adf","sha1":"page@828d61b95c5bf8102d793ce344a62adf-1769457471758.jpeg","width":1280,"height":720,"timestamp":320027.164,"frameSwapWallTime":67455.48300000001}
{"type":"screencast-frame","pageId":"page@828d61b95c5bf8102d793ce344a62adf","sha1":"page@828d61b95c5bf8102d793ce344a62adf-1769457471974.jpeg","width":1280,"height":720,"timestamp":320243.46,"frameSwapWallTime":67673.46019999999}
{"type":"screencast-frame","pageId":"page@828d61b95c5bf8102d793ce344a62adf","sha1":"page@828d61b95c5bf8102d793ce344a62adf-1769457472147.jpeg","width":1280,"height":720,"timestamp":320416.292,"frameSwapWallTime":67840.0598}
{"type":"screencast-frame","pageId":"page@828d61b95c5bf8102d793ce344a62adf","sha1":"page@828d61b95c5bf8102d793ce344a62adf-1769457472373.jpeg","width":1280,"height":720,"timestamp":320641.997,"frameSwapWallTime":68072.6168}
{"type":"screencast-frame","pageId":"page@828d61b95c5bf8102d793ce344a62adf","sha1":"page@828d61b95c5bf8102d793ce344a62adf-1769457472524.jpeg","width":1280,"height":720,"timestamp":320792.873,"frameSwapWallTime":68221.70370000001}
{"type":"screencast-frame","pageId":"page@828d61b95c5bf8102d793ce344a62adf","sha1":"page@828d61b95c5bf8102d793ce344a62adf-1769457472949.jpeg","width":1280,"height":720,"timestamp":321218.022,"frameSwapWallTime":68640.1012}
{"type":"screencast-frame","pageId":"page@828d61b95c5bf8102d793ce344a62adf","sha1":"page@828d61b95c5bf8102d793ce344a62adf-1769457473343.jpeg","width":1280,"height":720,"timestamp":321612.043,"frameSwapWallTime":69040.62539999999}
{"type":"log","callId":"call@10","time":321957.908,"message":"  \"networkidle\" event fired"}
{"type":"after","callId":"call@10","endTime":321957.97,"afterSnapshot":"after@call@10"}
{"type":"before","callId":"call@15","startTime":321958.923,"class":"Frame","method":"waitForTimeout","params":{"waitTimeout":5000},"stepId":"pw:api@36","pageId":"page@828d61b95c5bf8102d793ce344a62adf","beforeSnapshot":"before@call@15"}
{"type":"screencast-frame","pageId":"page@828d61b95c5bf8102d793ce344a62adf","sha1":"page@828d61b95c5bf8102d793ce344a62adf-1769457473730.jpeg","width":1280,"height":720,"timestamp":321999.214,"frameSwapWallTime":69428.06830000001}
{"type":"screencast-frame","pageId":"page@828d61b95c5bf8102d793ce344a62adf","sha1":"page@828d61b95c5bf8102d793ce344a62adf-1769457474160.jpeg","width":1280,"height":720,"timestamp":322429.609,"frameSwapWallTime":69856.48569999999}
{"type":"screencast-frame","pageId":"page@828d61b95c5bf8102d793ce344a62adf","sha1":"page@828d61b95c5bf8102d793ce344a62adf-1769457474360.jpeg","width":1280,"height":720,"timestamp":322629.471,"frameSwapWallTime":70056.34360000001}
{"type":"screencast-frame","pageId":"page@828d61b95c5bf8102d793ce344a62adf","sha1":"page@828d61b95c5bf8102d793ce344a62adf-1769457474483.jpeg","width":1280,"height":720,"timestamp":322752.379,"frameSwapWallTime":70172.19059999999}
{"type":"screencast-frame","pageId":"page@828d61b95c5bf8102d793ce344a62adf","sha1":"page@828d61b95c5bf8102d793ce344a62adf-1769457474690.jpeg","width":1280,"height":720,"timestamp":322959.047,"frameSwapWallTime":70390.3792}
{"type":"screencast-frame","pageId":"page@828d61b95c5bf8102d793ce344a62adf","sha1":"page@828d61b95c5bf8102d793ce344a62adf-1769457474791.jpeg","width":1280,"height":720,"timestamp":323060.756,"frameSwapWallTime":70489.02200000001}
{"type":"screencast-frame","pageId":"page@828d61b95c5bf8102d793ce344a62adf","sha1":"page@828d61b95c5bf8102d793ce344a62adf-1769457474975.jpeg","width":1280,"height":720,"timestamp":323243.835,"frameSwapWallTime":70674.6391}
{"type":"screencast-frame","pageId":"page@828d61b95c5bf8102d793ce344a62adf","sha1":"page@828d61b95c5bf8102d793ce344a62adf-1769457475141.jpeg","width":1280,"height":720,"timestamp":323409.828,"frameSwapWallTime":70840.9122}
{"type":"screencast-frame","pageId":"page@828d61b95c5bf8102d793ce344a62adf","sha1":"page@828d61b95c5bf8102d793ce344a62adf-1769457475275.jpeg","width":1280,"height":720,"timestamp":323544.244,"frameSwapWallTime":70972.785}
{"type":"screencast-frame","pageId":"page@828d61b95c5bf8102d793ce344a62adf","sha1":"page@828d61b95c5bf8102d793ce344a62adf-1769457475777.jpeg","width":1280,"height":720,"timestamp":324046.597,"frameSwapWallTime":71439.25559999999}
{"type":"screencast-frame","pageId":"page@828d61b95c5bf8102d793ce344a62adf","sha1":"page@828d61b95c5bf8102d793ce344a62adf-1769457476276.jpeg","width":1280,"height":720,"timestamp":324545.71,"frameSwapWallTime":71972.88489999999}
{"type":"screencast-frame","pageId":"page@828d61b95c5bf8102d793ce344a62adf","sha1":"page@828d61b95c5bf8102d793ce344a62adf-1769457477075.jpeg","width":1280,"height":720,"timestamp":325344.102,"frameSwapWallTime":72355.65699999999}
{"type":"screencast-frame","pageId":"page@828d61b95c5bf8102d793ce344a62adf","sha1":"page@828d61b95c5bf8102d793ce344a62adf-1769457477544.jpeg","width":1280,"height":720,"timestamp":325812.763,"frameSwapWallTime":73242.1882}
{"type":"screencast-frame","pageId":"page@828d61b95c5bf8102d793ce344a62adf","sha1":"page@828d61b95c5bf8102d793ce344a62adf-1769457477973.jpeg","width":1280,"height":720,"timestamp":326242.424,"frameSwapWallTime":73668.914}
{"type":"screencast-frame","pageId":"page@828d61b95c5bf8102d793ce344a62adf","sha1":"page@828d61b95c5bf8102d793ce344a62adf-1769457478161.jpeg","width":1280,"height":720,"timestamp":326430.224,"frameSwapWallTime":73854.85699999999}
{"type":"screencast-frame","pageId":"page@828d61b95c5bf8102d793ce344a62adf","sha1":"page@828d61b95c5bf8102d793ce344a62adf-1769457478307.jpeg","width":1280,"height":720,"timestamp":326575.901,"frameSwapWallTime":74002.95370000001}
{"type":"screencast-frame","pageId":"page@828d61b95c5bf8102d793ce344a62adf","sha1":"page@828d61b95c5bf8102d793ce344a62adf-1769457478511.jpeg","width":1280,"height":720,"timestamp":326780.099,"frameSwapWallTime":74210.9332}
{"type":"screencast-frame","pageId":"page@828d61b95c5bf8102d793ce344a62adf","sha1":"page@828d61b95c5bf8102d793ce344a62adf-1769457478672.jpeg","width":1280,"height":720,"timestamp":326940.865,"frameSwapWallTime":74372.05260000001}
{"type":"screencast-frame","pageId":"page@828d61b95c5bf8102d793ce344a62adf","sha1":"page@828d61b95c5bf8102d793ce344a62adf-1769457478906.jpeg","width":1280,"height":720,"timestamp":327174.826,"frameSwapWallTime":74604.6322}
{"type":"screencast-frame","pageId":"page@828d61b95c5bf8102d793ce344a62adf","sha1":"page@828d61b95c5bf8102d793ce344a62adf-1769457479089.jpeg","width":1280,"height":720,"timestamp":327358.739,"frameSwapWallTime":74787.5107}
{"type":"screencast-frame","pageId":"page@828d61b95c5bf8102d793ce344a62adf","sha1":"page@828d61b95c5bf8102d793ce344a62adf-1769457479303.jpeg","width":1280,"height":720,"timestamp":327571.795,"frameSwapWallTime":75002.8812}
{"type":"screencast-frame","pageId":"page@828d61b95c5bf8102d793ce344a62adf","sha1":"page@828d61b95c5bf8102d793ce344a62adf-1769457479522.jpeg","width":1280,"height":720,"timestamp":327791.094,"frameSwapWallTime":75222.3004}
{"type":"screencast-frame","pageId":"page@828d61b95c5bf8102d793ce344a62adf","sha1":"page@828d61b95c5bf8102d793ce344a62adf-1769457479706.jpeg","width":1280,"height":720,"timestamp":327975.746,"frameSwapWallTime":75405.2564}
